Datetime,Open,High,Low,Close,Adj Close,Volume
2022-08-08 09:30:00-04:00,7.289999961853027,7.349999904632568,7.289999961853027,7.329999923706055,7.329999923706055,9938
2022-08-08 09:35:00-04:00,7.369999885559082,7.46999979019165,7.369999885559082,7.465000152587891,7.465000152587891,4438
2022-08-08 09:40:00-04:00,7.460000038146973,7.460000038146973,7.420000076293945,7.420000076293945,7.420000076293945,3132
2022-08-08 09:45:00-04:00,7.440000057220459,7.449999809265137,7.389999866485596,7.400000095367432,7.400000095367432,21431
2022-08-08 09:50:00-04:00,7.369999885559082,7.420000076293945,7.355000019073486,7.420000076293945,7.420000076293945,7855
2022-08-08 09:55:00-04:00,7.420000076293945,7.429999828338623,7.409999847412109,7.414999961853027,7.414999961853027,10811
2022-08-08 10:00:00-04:00,7.414999961853027,7.440000057220459,7.284999847412109,7.329999923706055,7.329999923706055,62107
2022-08-08 10:05:00-04:00,7.324999809265137,7.409999847412109,7.300000190734863,7.409999847412109,7.409999847412109,17230
2022-08-08 10:10:00-04:00,7.400000095367432,7.409999847412109,7.340099811553955,7.340099811553955,7.340099811553955,10548
2022-08-08 10:15:00-04:00,7.340000152587891,7.409999847412109,7.340000152587891,7.394999980926514,7.394999980926514,7984
2022-08-08 10:20:00-04:00,7.400000095367432,7.409999847412109,7.389999866485596,7.40500020980835,7.40500020980835,10946
2022-08-08 10:25:00-04:00,7.40500020980835,7.409999847412109,7.389999866485596,7.400000095367432,7.400000095367432,6320
2022-08-08 10:30:00-04:00,7.389999866485596,7.409999847412109,7.380000114440918,7.40500020980835,7.40500020980835,4226
2022-08-08 10:35:00-04:00,7.40500020980835,7.409999847412109,7.389999866485596,7.400000095367432,7.400000095367432,9155
2022-08-08 10:40:00-04:00,7.400000095367432,7.409999847412109,7.389999866485596,7.409999847412109,7.409999847412109,9742
2022-08-08 10:45:00-04:00,7.409999847412109,7.409999847412109,7.360000133514404,7.360000133514404,7.360000133514404,2165
2022-08-08 10:50:00-04:00,7.380000114440918,7.380000114440918,7.369999885559082,7.369999885559082,7.369999885559082,1014
2022-08-08 10:55:00-04:00,7.394999980926514,7.400000095367432,7.369999885559082,7.369999885559082,7.369999885559082,12911
2022-08-08 11:00:00-04:00,7.369999885559082,7.400000095367432,7.369999885559082,7.400000095367432,7.400000095367432,6343
2022-08-08 11:05:00-04:00,7.400000095367432,7.409999847412109,7.394999980926514,7.40500020980835,7.40500020980835,13463
2022-08-08 11:10:00-04:00,7.4079999923706055,7.409999847412109,7.389999866485596,7.389999866485596,7.389999866485596,9031
2022-08-08 11:15:00-04:00,7.389999866485596,7.389999866485596,7.349999904632568,7.353899955749512,7.353899955749512,5006
2022-08-08 11:20:00-04:00,7.355000019073486,7.380000114440918,7.355000019073486,7.375,7.375,2070
2022-08-08 11:25:00-04:00,7.369999885559082,7.380000114440918,7.364999771118164,7.369999885559082,7.369999885559082,3282
2022-08-08 11:30:00-04:00,7.369999885559082,7.389999866485596,7.360000133514404,7.364999771118164,7.364999771118164,3095
2022-08-08 11:35:00-04:00,7.349999904632568,7.360000133514404,7.329999923706055,7.329999923706055,7.329999923706055,2158
2022-08-08 11:40:00-04:00,7.340000152587891,7.349999904632568,7.300000190734863,7.300000190734863,7.300000190734863,2878
2022-08-08 11:45:00-04:00,7.289999961853027,7.349999904632568,7.289999961853027,7.349999904632568,7.349999904632568,5013
2022-08-08 11:50:00-04:00,7.340000152587891,7.369999885559082,7.335000038146973,7.369999885559082,7.369999885559082,3119
2022-08-08 11:55:00-04:00,7.369999885559082,7.380000114440918,7.369999885559082,7.369999885559082,7.369999885559082,956
2022-08-08 12:00:00-04:00,7.369999885559082,7.400000095367432,7.369999885559082,7.389999866485596,7.389999866485596,9646
2022-08-08 12:05:00-04:00,7.380000114440918,7.380000114440918,7.349999904632568,7.349999904632568,7.349999904632568,2615
2022-08-08 12:10:00-04:00,7.360000133514404,7.360000133514404,7.340000152587891,7.360000133514404,7.360000133514404,3025
2022-08-08 12:15:00-04:00,7.349999904632568,7.360000133514404,7.329999923706055,7.329999923706055,7.329999923706055,3370
2022-08-08 12:20:00-04:00,7.329999923706055,7.349999904632568,7.329999923706055,7.349999904632568,7.349999904632568,1502
2022-08-08 12:25:00-04:00,7.330100059509277,7.340000152587891,7.320000171661377,7.329999923706055,7.329999923706055,3234
2022-08-08 12:30:00-04:00,7.320000171661377,7.329999923706055,7.320000171661377,7.329999923706055,7.329999923706055,790
2022-08-08 12:35:00-04:00,7.320000171661377,7.329999923706055,7.320000171661377,7.329999923706055,7.329999923706055,4009
2022-08-08 12:40:00-04:00,7.320000171661377,7.340000152587891,7.320000171661377,7.340000152587891,7.340000152587891,883
2022-08-08 12:45:00-04:00,7.340000152587891,7.340000152587891,7.335000038146973,7.335000038146973,7.335000038146973,1370
2022-08-08 12:50:00-04:00,7.34499979019165,7.34499979019165,7.340000152587891,7.340000152587891,7.340000152587891,4263
2022-08-08 12:55:00-04:00,7.349999904632568,7.360000133514404,7.340000152587891,7.340000152587891,7.340000152587891,21267
2022-08-08 13:00:00-04:00,7.340000152587891,7.340000152587891,7.324999809265137,7.324999809265137,7.324999809265137,3521
2022-08-08 13:05:00-04:00,7.320000171661377,7.320000171661377,7.309999942779541,7.315000057220459,7.315000057220459,2324
2022-08-08 13:10:00-04:00,7.315000057220459,7.340000152587891,7.315000057220459,7.329999923706055,7.329999923706055,2760
2022-08-08 13:15:00-04:00,7.329999923706055,7.333000183105469,7.320000171661377,7.320000171661377,7.320000171661377,3765
2022-08-08 13:20:00-04:00,7.324999809265137,7.329999923706055,7.300000190734863,7.309999942779541,7.309999942779541,7542
2022-08-08 13:25:00-04:00,7.300000190734863,7.309999942779541,7.300000190734863,7.309999942779541,7.309999942779541,2297
2022-08-08 13:30:00-04:00,7.30810022354126,7.309999942779541,7.300000190734863,7.300000190734863,7.300000190734863,9153
2022-08-08 13:35:00-04:00,7.289999961853027,7.304999828338623,7.275000095367432,7.300000190734863,7.300000190734863,9397
2022-08-08 13:40:00-04:00,7.289999961853027,7.300000190734863,7.289999961853027,7.300000190734863,7.300000190734863,3718
2022-08-08 13:45:00-04:00,7.300000190734863,7.300000190734863,7.28000020980835,7.284999847412109,7.284999847412109,3814
2022-08-08 13:50:00-04:00,7.284999847412109,7.304999828338623,7.284999847412109,7.289999961853027,7.289999961853027,5333
2022-08-08 13:55:00-04:00,7.295000076293945,7.300000190734863,7.295000076293945,7.295000076293945,7.295000076293945,2701
2022-08-08 14:00:00-04:00,7.295000076293945,7.299099922180176,7.269999980926514,7.28000020980835,7.28000020980835,6542
2022-08-08 14:05:00-04:00,7.269999980926514,7.300000190734863,7.25,7.28000020980835,7.28000020980835,10522
2022-08-08 14:10:00-04:00,7.28000020980835,7.304999828338623,7.28000020980835,7.300000190734863,7.300000190734863,10641
2022-08-08 14:15:00-04:00,7.300000190734863,7.304999828338623,7.28000020980835,7.304999828338623,7.304999828338623,8963
2022-08-08 14:20:00-04:00,7.300000190734863,7.309999942779541,7.300000190734863,7.300000190734863,7.300000190734863,2008
2022-08-08 14:25:00-04:00,7.304999828338623,7.304999828338623,7.269999980926514,7.28000020980835,7.28000020980835,7749
2022-08-08 14:30:00-04:00,7.28000020980835,7.28000020980835,7.269999980926514,7.269999980926514,7.269999980926514,1820
2022-08-08 14:35:00-04:00,7.269999980926514,7.28000020980835,7.25,7.269999980926514,7.269999980926514,5443
2022-08-08 14:40:00-04:00,7.269999980926514,7.284999847412109,7.269999980926514,7.275000095367432,7.275000095367432,3879
2022-08-08 14:45:00-04:00,7.269999980926514,7.28000020980835,7.269999980926514,7.269999980926514,7.269999980926514,1848
2022-08-08 14:50:00-04:00,7.269999980926514,7.269999980926514,7.260000228881836,7.260000228881836,7.260000228881836,2245
2022-08-08 14:55:00-04:00,7.260000228881836,7.284999847412109,7.260000228881836,7.284999847412109,7.284999847412109,4935
2022-08-08 15:00:00-04:00,7.289999961853027,7.300000190734863,7.28000020980835,7.289999961853027,7.289999961853027,4912
2022-08-08 15:05:00-04:00,7.295000076293945,7.300000190734863,7.275000095367432,7.284999847412109,7.284999847412109,6426
2022-08-08 15:10:00-04:00,7.28000020980835,7.289999961853027,7.269999980926514,7.289999961853027,7.289999961853027,5330
2022-08-08 15:15:00-04:00,7.289999961853027,7.289999961853027,7.269999980926514,7.28000020980835,7.28000020980835,6308
2022-08-08 15:20:00-04:00,7.289999961853027,7.304999828338623,7.28000020980835,7.284999847412109,7.284999847412109,14266
2022-08-08 15:25:00-04:00,7.284999847412109,7.300000190734863,7.284999847412109,7.295000076293945,7.295000076293945,5619
2022-08-08 15:30:00-04:00,7.295000076293945,7.300000190734863,7.28000020980835,7.300000190734863,7.300000190734863,12316
2022-08-08 15:35:00-04:00,7.300000190734863,7.304999828338623,7.289999961853027,7.300000190734863,7.300000190734863,12454
2022-08-08 15:40:00-04:00,7.295000076293945,7.295000076293945,7.284999847412109,7.295000076293945,7.295000076293945,8373
2022-08-08 15:45:00-04:00,7.289999961853027,7.300000190734863,7.289999961853027,7.289999961853027,7.289999961853027,7160
2022-08-08 15:50:00-04:00,7.295000076293945,7.300000190734863,7.28000020980835,7.289999961853027,7.289999961853027,13024
2022-08-08 15:55:00-04:00,7.289999961853027,7.300000190734863,7.289999961853027,7.289999961853027,7.289999961853027,53406
2022-08-09 09:30:00-04:00,7.360000133514404,7.360000133514404,7.190000057220459,7.21999979019165,7.21999979019165,6791
2022-08-09 09:35:00-04:00,7.239999771118164,7.275000095367432,7.239999771118164,7.269999980926514,7.269999980926514,3335
2022-08-09 09:40:00-04:00,7.269999980926514,7.269999980926514,7.244999885559082,7.25,7.25,1987
2022-08-09 09:45:00-04:00,7.230000019073486,7.25,7.199999809265137,7.210000038146973,7.210000038146973,1827
2022-08-09 09:50:00-04:00,7.215000152587891,7.21999979019165,7.170000076293945,7.170000076293945,7.170000076293945,1385
2022-08-09 09:55:00-04:00,7.179999828338623,7.179999828338623,7.159999847412109,7.164999961853027,7.164999961853027,3601
2022-08-09 10:00:00-04:00,7.150000095367432,7.150000095367432,6.980000019073486,7.059999942779541,7.059999942779541,88268
2022-08-09 10:05:00-04:00,7.050000190734863,7.059999942779541,6.985000133514404,7.0,7.0,9470
2022-08-09 10:10:00-04:00,7.0,7.099999904632568,7.0,7.090000152587891,7.090000152587891,10172
2022-08-09 10:15:00-04:00,7.079999923706055,7.099999904632568,7.079999923706055,7.099999904632568,7.099999904632568,2389
2022-08-09 10:20:00-04:00,7.090400218963623,7.090400218963623,7.059999942779541,7.070000171661377,7.070000171661377,6700
2022-08-09 10:25:00-04:00,7.070000171661377,7.070000171661377,7.010000228881836,7.010000228881836,7.010000228881836,8323
2022-08-09 10:30:00-04:00,7.010000228881836,7.039999961853027,7.0,7.039999961853027,7.039999961853027,2963
2022-08-09 10:35:00-04:00,7.03000020980835,7.03000020980835,6.940000057220459,6.940000057220459,6.940000057220459,6017
2022-08-09 10:40:00-04:00,6.940000057220459,6.94920015335083,6.914999961853027,6.934999942779541,6.934999942779541,7159
2022-08-09 10:45:00-04:00,6.920000076293945,6.931700229644775,6.920000076293945,6.925000190734863,6.925000190734863,4770
2022-08-09 10:50:00-04:00,6.925000190734863,6.925000190734863,6.900000095367432,6.90500020980835,6.90500020980835,2304
2022-08-09 10:55:00-04:00,6.90500020980835,6.90500020980835,6.855000019073486,6.855000019073486,6.855000019073486,8301
2022-08-09 11:00:00-04:00,6.859899997711182,6.880000114440918,6.829999923706055,6.860000133514404,6.860000133514404,13810
2022-08-09 11:05:00-04:00,6.880000114440918,6.949999809265137,6.875,6.949999809265137,6.949999809265137,17827
2022-08-09 11:10:00-04:00,6.949999809265137,6.949999809265137,6.945000171661377,6.949999809265137,6.949999809265137,2185
2022-08-09 11:15:00-04:00,6.949999809265137,6.96999979019165,6.945000171661377,6.965000152587891,6.965000152587891,5136
2022-08-09 11:20:00-04:00,6.960000038146973,6.989999771118164,6.960000038146973,6.980000019073486,6.980000019073486,6230
2022-08-09 11:25:00-04:00,6.982900142669678,7.0,6.982900142669678,6.985000133514404,6.985000133514404,5010
2022-08-09 11:30:00-04:00,6.989999771118164,7.010000228881836,6.985000133514404,6.989999771118164,6.989999771118164,5087
2022-08-09 11:35:00-04:00,6.985000133514404,7.0,6.971799850463867,7.0,7.0,9431
2022-08-09 11:40:00-04:00,7.0,7.0,6.989999771118164,7.0,7.0,8385
2022-08-09 11:45:00-04:00,7.0,7.0,7.0,7.0,7.0,1365
2022-08-09 11:50:00-04:00,7.0,7.019999980926514,6.980000019073486,6.985000133514404,6.985000133514404,12065
2022-08-09 11:55:00-04:00,6.960000038146973,6.960000038146973,6.920000076293945,6.954999923706055,6.954999923706055,9558
2022-08-09 12:00:00-04:00,6.949999809265137,6.949999809265137,6.940000057220459,6.949999809265137,6.949999809265137,5930
2022-08-09 12:05:00-04:00,6.949999809265137,7.0,6.949999809265137,7.0,7.0,6612
2022-08-09 12:10:00-04:00,6.999000072479248,7.010000228881836,6.989999771118164,6.989999771118164,6.989999771118164,14395
2022-08-09 12:15:00-04:00,6.980000019073486,6.980000019073486,6.940000057220459,6.945000171661377,6.945000171661377,2555
2022-08-09 12:20:00-04:00,6.949999809265137,6.960000038146973,6.934999942779541,6.934999942779541,6.934999942779541,6044
2022-08-09 12:25:00-04:00,6.934999942779541,6.960000038146973,6.934999942779541,6.960000038146973,6.960000038146973,8169
2022-08-09 12:30:00-04:00,6.960000038146973,6.960000038146973,6.949999809265137,6.949999809265137,6.949999809265137,6950
2022-08-09 12:35:00-04:00,6.949999809265137,6.954999923706055,6.949999809265137,6.949999809265137,6.949999809265137,3682
2022-08-09 12:40:00-04:00,6.949999809265137,6.954999923706055,6.929999828338623,6.930600166320801,6.930600166320801,4881
2022-08-09 12:45:00-04:00,6.929999828338623,6.949999809265137,6.90500020980835,6.940000057220459,6.940000057220459,14814
2022-08-09 12:50:00-04:00,6.945000171661377,6.949999809265137,6.940000057220459,6.945000171661377,6.945000171661377,2464
2022-08-09 12:55:00-04:00,6.945000171661377,6.989999771118164,6.945000171661377,6.980000019073486,6.980000019073486,8660
2022-08-09 13:00:00-04:00,6.980000019073486,7.0,6.980000019073486,6.985000133514404,6.985000133514404,4237
2022-08-09 13:05:00-04:00,6.985000133514404,6.985000133514404,6.965000152587891,6.965000152587891,6.965000152587891,4604
2022-08-09 13:10:00-04:00,6.960000038146973,6.960000038146973,6.940000057220459,6.960000038146973,6.960000038146973,9605
2022-08-09 13:15:00-04:00,6.954999923706055,6.980000019073486,6.949999809265137,6.96999979019165,6.96999979019165,7581
2022-08-09 13:20:00-04:00,6.960000038146973,6.960000038146973,6.949999809265137,6.949999809265137,6.949999809265137,1408
2022-08-09 13:25:00-04:00,6.949999809265137,6.980000019073486,6.940000057220459,6.980000019073486,6.980000019073486,7779
2022-08-09 13:30:00-04:00,6.980000019073486,7.0,6.96999979019165,6.96999979019165,6.96999979019165,5705
2022-08-09 13:35:00-04:00,6.96999979019165,6.979899883270264,6.940000057220459,6.940000057220459,6.940000057220459,3255
2022-08-09 13:40:00-04:00,6.940000057220459,6.980000019073486,6.940000057220459,6.949999809265137,6.949999809265137,11351
2022-08-09 13:45:00-04:00,6.940000057220459,6.980000019073486,6.940000057220459,6.980000019073486,6.980000019073486,4016
2022-08-09 13:50:00-04:00,6.980000019073486,6.985000133514404,6.96999979019165,6.985000133514404,6.985000133514404,2729
2022-08-09 13:55:00-04:00,6.985000133514404,7.0,6.985000133514404,6.989999771118164,6.989999771118164,3659
2022-08-09 14:00:00-04:00,6.989999771118164,7.010000228881836,6.989999771118164,7.010000228881836,7.010000228881836,6049
2022-08-09 14:05:00-04:00,7.000199794769287,7.010000228881836,7.0,7.010000228881836,7.010000228881836,5636
2022-08-09 14:10:00-04:00,7.005000114440918,7.010000228881836,7.0,7.002500057220459,7.002500057220459,1831
2022-08-09 14:15:00-04:00,7.005000114440918,7.039999961853027,7.0,7.014999866485596,7.014999866485596,18282
2022-08-09 14:20:00-04:00,7.010000228881836,7.014999866485596,7.010000228881836,7.010000228881836,7.010000228881836,809
2022-08-09 14:25:00-04:00,7.010000228881836,7.019999980926514,7.010000228881836,7.010000228881836,7.010000228881836,8397
2022-08-09 14:30:00-04:00,7.005000114440918,7.03000020980835,7.0,7.03000020980835,7.03000020980835,11229
2022-08-09 14:35:00-04:00,7.030099868774414,7.039999961853027,7.030099868774414,7.034999847412109,7.034999847412109,4421
2022-08-09 14:40:00-04:00,7.034999847412109,7.050000190734863,7.03000020980835,7.045000076293945,7.045000076293945,7721
2022-08-09 14:45:00-04:00,7.045000076293945,7.090000152587891,7.045000076293945,7.079999923706055,7.079999923706055,7809
2022-08-09 14:50:00-04:00,7.079999923706055,7.099999904632568,7.079999923706055,7.09499979019165,7.09499979019165,6059
2022-08-09 14:55:00-04:00,7.09499979019165,7.099999904632568,7.090000152587891,7.09499979019165,7.09499979019165,4175
2022-08-09 15:00:00-04:00,7.09499979019165,7.099999904632568,7.065000057220459,7.065000057220459,7.065000057220459,6500
2022-08-09 15:05:00-04:00,7.059999942779541,7.065000057220459,7.050000190734863,7.054999828338623,7.054999828338623,4953
2022-08-09 15:10:00-04:00,7.050000190734863,7.059999942779541,7.050000190734863,7.054999828338623,7.054999828338623,5360
2022-08-09 15:15:00-04:00,7.054999828338623,7.090000152587891,7.054999828338623,7.085000038146973,7.085000038146973,7788
2022-08-09 15:20:00-04:00,7.0879998207092285,7.110000133514404,7.085000038146973,7.09499979019165,7.09499979019165,11150
2022-08-09 15:25:00-04:00,7.090000152587891,7.090000152587891,7.059999942779541,7.059999942779541,7.059999942779541,8842
2022-08-09 15:30:00-04:00,7.065000057220459,7.065000057220459,7.019999980926514,7.019999980926514,7.019999980926514,16177
2022-08-09 15:35:00-04:00,7.019999980926514,7.03000020980835,7.014999866485596,7.019999980926514,7.019999980926514,14243
2022-08-09 15:40:00-04:00,7.025000095367432,7.050000190734863,7.010000228881836,7.03000020980835,7.03000020980835,40170
2022-08-09 15:45:00-04:00,7.03000020980835,7.050000190734863,7.019999980926514,7.027500152587891,7.027500152587891,14571
2022-08-09 15:50:00-04:00,7.03000020980835,7.079999923706055,7.025000095367432,7.074999809265137,7.074999809265137,26098
2022-08-09 15:55:00-04:00,7.070000171661377,7.090000152587891,7.059999942779541,7.079999923706055,7.079999923706055,35255
2022-08-10 09:30:00-04:00,7.369999885559082,7.579999923706055,7.289999961853027,7.550000190734863,7.550000190734863,72982
2022-08-10 09:35:00-04:00,7.489999771118164,7.550000190734863,7.449999809265137,7.46999979019165,7.46999979019165,13481
2022-08-10 09:40:00-04:00,7.46999979019165,7.53000020980835,7.390100002288818,7.409999847412109,7.409999847412109,26312
2022-08-10 09:45:00-04:00,7.420000076293945,7.449999809265137,7.420000076293945,7.449999809265137,7.449999809265137,20043
2022-08-10 09:50:00-04:00,7.449999809265137,7.449999809265137,7.369999885559082,7.389999866485596,7.389999866485596,5220
2022-08-10 09:55:00-04:00,7.375199794769287,7.375199794769287,7.340000152587891,7.340000152587891,7.340000152587891,3027
2022-08-10 10:00:00-04:00,7.360000133514404,7.420000076293945,7.360000133514404,7.420000076293945,7.420000076293945,3542
2022-08-10 10:05:00-04:00,7.440000057220459,7.440000057220459,7.369999885559082,7.369999885559082,7.369999885559082,7208
2022-08-10 10:10:00-04:00,7.380000114440918,7.400000095367432,7.329999923706055,7.340000152587891,7.340000152587891,17238
2022-08-10 10:15:00-04:00,7.340000152587891,7.349999904632568,7.320000171661377,7.324999809265137,7.324999809265137,10088
2022-08-10 10:20:00-04:00,7.320000171661377,7.329999923706055,7.289999961853027,7.329999923706055,7.329999923706055,2635
2022-08-10 10:25:00-04:00,7.340000152587891,7.347799777984619,7.339000225067139,7.347799777984619,7.347799777984619,1413
2022-08-10 10:30:00-04:00,7.349999904632568,7.400000095367432,7.329999923706055,7.400000095367432,7.400000095367432,5045
2022-08-10 10:35:00-04:00,7.400000095367432,7.400000095367432,7.360000133514404,7.369999885559082,7.369999885559082,11127
2022-08-10 10:40:00-04:00,7.369999885559082,7.369999885559082,7.369999885559082,7.369999885559082,7.369999885559082,227
2022-08-10 10:45:00-04:00,7.369999885559082,7.380000114440918,7.369999885559082,7.380000114440918,7.380000114440918,850
2022-08-10 10:50:00-04:00,7.369999885559082,7.400000095367432,7.369999885559082,7.400000095367432,7.400000095367432,3245
2022-08-10 10:55:00-04:00,7.400000095367432,7.409999847412109,7.380000114440918,7.380000114440918,7.380000114440918,3152
2022-08-10 11:00:00-04:00,7.389999866485596,7.409999847412109,7.389999866485596,7.400000095367432,7.400000095367432,4416
2022-08-10 11:05:00-04:00,7.400000095367432,7.400000095367432,7.389999866485596,7.389999866485596,7.389999866485596,4815
2022-08-10 11:10:00-04:00,7.380000114440918,7.380000114440918,7.360000133514404,7.369999885559082,7.369999885559082,2901
2022-08-10 11:15:00-04:00,7.369999885559082,7.400000095367432,7.369999885559082,7.389999866485596,7.389999866485596,6830
2022-08-10 11:20:00-04:00,7.389999866485596,7.389999866485596,7.389999866485596,7.389999866485596,7.389999866485596,210
2022-08-10 11:25:00-04:00,7.389999866485596,7.400000095367432,7.389999866485596,7.400000095367432,7.400000095367432,909
2022-08-10 11:30:00-04:00,7.400000095367432,7.400000095367432,7.380000114440918,7.400000095367432,7.400000095367432,858
2022-08-10 11:35:00-04:00,7.380000114440918,7.380000114440918,7.369999885559082,7.380000114440918,7.380000114440918,5201
2022-08-10 11:40:00-04:00,7.380000114440918,7.400000095367432,7.380000114440918,7.389999866485596,7.389999866485596,3111
2022-08-10 11:45:00-04:00,7.400000095367432,7.400000095367432,7.380000114440918,7.389999866485596,7.389999866485596,4498
2022-08-10 11:50:00-04:00,7.389999866485596,7.389999866485596,7.340000152587891,7.34499979019165,7.34499979019165,16431
2022-08-10 11:55:00-04:00,7.340000152587891,7.340000152587891,7.300000190734863,7.320000171661377,7.320000171661377,29324
2022-08-10 12:00:00-04:00,7.329999923706055,7.329999923706055,7.320000171661377,7.329999923706055,7.329999923706055,807
2022-08-10 12:05:00-04:00,7.329999923706055,7.349999904632568,7.329999923706055,7.349999904632568,7.349999904632568,2809
2022-08-10 12:10:00-04:00,7.360000133514404,7.360000133514404,7.349999904632568,7.360000133514404,7.360000133514404,3820
2022-08-10 12:15:00-04:00,7.340000152587891,7.380000114440918,7.340000152587891,7.369999885559082,7.369999885559082,5874
2022-08-10 12:20:00-04:00,7.380000114440918,7.380000114440918,7.349999904632568,7.369999885559082,7.369999885559082,5677
2022-08-10 12:25:00-04:00,7.375,7.380000114440918,7.375,7.380000114440918,7.380000114440918,2808
2022-08-10 12:30:00-04:00,7.380000114440918,7.380000114440918,7.349999904632568,7.360000133514404,7.360000133514404,3598
2022-08-10 12:35:00-04:00,7.360000133514404,7.360000133514404,7.349999904632568,7.349999904632568,7.349999904632568,510
2022-08-10 12:40:00-04:00,7.349999904632568,7.360000133514404,7.329999923706055,7.329999923706055,7.329999923706055,12725
2022-08-10 12:45:00-04:00,7.329999923706055,7.340000152587891,7.309999942779541,7.340000152587891,7.340000152587891,5459
2022-08-10 12:50:00-04:00,7.340000152587891,7.380000114440918,7.329999923706055,7.380000114440918,7.380000114440918,2630
2022-08-10 12:55:00-04:00,7.380000114440918,7.389999866485596,7.369999885559082,7.380000114440918,7.380000114440918,2166
2022-08-10 13:00:00-04:00,7.389999866485596,7.389999866485596,7.360000133514404,7.360000133514404,7.360000133514404,3177
2022-08-10 13:05:00-04:00,7.367499828338623,7.385000228881836,7.360000133514404,7.380000114440918,7.380000114440918,6728
2022-08-10 13:10:00-04:00,7.380000114440918,7.380000114440918,7.360000133514404,7.360000133514404,7.360000133514404,2256
2022-08-10 13:15:00-04:00,7.360000133514404,7.389999866485596,7.360000133514404,7.389999866485596,7.389999866485596,3134
2022-08-10 13:20:00-04:00,7.380000114440918,7.380000114440918,7.380000114440918,7.380000114440918,7.380000114440918,200
2022-08-10 13:25:00-04:00,7.380000114440918,7.389999866485596,7.380000114440918,7.389999866485596,7.389999866485596,910
2022-08-10 13:30:00-04:00,7.389999866485596,7.409999847412109,7.369999885559082,7.409999847412109,7.409999847412109,4369
2022-08-10 13:35:00-04:00,7.409999847412109,7.409999847412109,7.400000095367432,7.400000095367432,7.400000095367432,2303
2022-08-10 13:40:00-04:00,7.40500020980835,7.40500020980835,7.360000133514404,7.364999771118164,7.364999771118164,30810
2022-08-10 13:45:00-04:00,7.364999771118164,7.400000095367432,7.364999771118164,7.400000095367432,7.400000095367432,3081
2022-08-10 13:50:00-04:00,7.400000095367432,7.400000095367432,7.389999866485596,7.400000095367432,7.400000095367432,1573
2022-08-10 13:55:00-04:00,7.400000095367432,7.400000095367432,7.380000114440918,7.389999866485596,7.389999866485596,2065
2022-08-10 14:00:00-04:00,7.389999866485596,7.400000095367432,7.389999866485596,7.400000095367432,7.400000095367432,1359
2022-08-10 14:05:00-04:00,7.389999866485596,7.400000095367432,7.369999885559082,7.375,7.375,6921
2022-08-10 14:10:00-04:00,7.375,7.377500057220459,7.369999885559082,7.369999885559082,7.369999885559082,26310
2022-08-10 14:15:00-04:00,7.369999885559082,7.369999885559082,7.340000152587891,7.340000152587891,7.340000152587891,4006
2022-08-10 14:20:00-04:00,7.340000152587891,7.340000152587891,7.300000190734863,7.320000171661377,7.320000171661377,13091
2022-08-10 14:25:00-04:00,7.320000171661377,7.359899997711182,7.320000171661377,7.359899997711182,7.359899997711182,5178
2022-08-10 14:30:00-04:00,7.349999904632568,7.369999885559082,7.349999904632568,7.369999885559082,7.369999885559082,3593
2022-08-10 14:35:00-04:00,7.380000114440918,7.385000228881836,7.369999885559082,7.369999885559082,7.369999885559082,1604
2022-08-10 14:40:00-04:00,7.380000114440918,7.380000114440918,7.360000133514404,7.380000114440918,7.380000114440918,2414
2022-08-10 14:45:00-04:00,7.380000114440918,7.380000114440918,7.349999904632568,7.355000019073486,7.355000019073486,5600
2022-08-10 14:50:00-04:00,7.354000091552734,7.369999885559082,7.349999904632568,7.369999885559082,7.369999885559082,4918
2022-08-10 14:55:00-04:00,7.369999885559082,7.369999885559082,7.360000133514404,7.360899925231934,7.360899925231934,8794
2022-08-10 15:00:00-04:00,7.363999843597412,7.364999771118164,7.340000152587891,7.349999904632568,7.349999904632568,8006
2022-08-10 15:05:00-04:00,7.349999904632568,7.359799861907959,7.335000038146973,7.335000038146973,7.335000038146973,3974
2022-08-10 15:10:00-04:00,7.340000152587891,7.349999904632568,7.329999923706055,7.349999904632568,7.349999904632568,3812
2022-08-10 15:15:00-04:00,7.340000152587891,7.349999904632568,7.340000152587891,7.349999904632568,7.349999904632568,1634
2022-08-10 15:20:00-04:00,7.349999904632568,7.349999904632568,7.309999942779541,7.309999942779541,7.309999942779541,10197
2022-08-10 15:25:00-04:00,7.309999942779541,7.309999942779541,7.300000190734863,7.309999942779541,7.309999942779541,4927
2022-08-10 15:30:00-04:00,7.309999942779541,7.320000171661377,7.300000190734863,7.300000190734863,7.300000190734863,22223
2022-08-10 15:35:00-04:00,7.300000190734863,7.300000190734863,7.28000020980835,7.28000020980835,7.28000020980835,12766
2022-08-10 15:40:00-04:00,7.28000020980835,7.300000190734863,7.269999980926514,7.289999961853027,7.289999961853027,7681
2022-08-10 15:45:00-04:00,7.300000190734863,7.300000190734863,7.269999980926514,7.269999980926514,7.269999980926514,15028
2022-08-10 15:50:00-04:00,7.275000095367432,7.300000190734863,7.275000095367432,7.300000190734863,7.300000190734863,16266
2022-08-10 15:55:00-04:00,7.300000190734863,7.300000190734863,7.25,7.260000228881836,7.260000228881836,58303
2022-08-11 09:30:00-04:00,7.369999885559082,7.449999809265137,7.369999885559082,7.449999809265137,7.449999809265137,4644
2022-08-11 09:35:00-04:00,7.440000057220459,7.46999979019165,7.410999774932861,7.46999979019165,7.46999979019165,21980
2022-08-11 09:40:00-04:00,7.431000232696533,7.431000232696533,7.380000114440918,7.380000114440918,7.380000114440918,12225
2022-08-11 09:45:00-04:00,7.369999885559082,7.465000152587891,7.361000061035156,7.465000152587891,7.465000152587891,9671
2022-08-11 09:50:00-04:00,7.46999979019165,7.480000019073486,7.449999809265137,7.47160005569458,7.47160005569458,3776
2022-08-11 10:00:00-04:00,7.480000019073486,7.480000019073486,7.480000019073486,7.480000019073486,7.480000019073486,800
2022-08-11 10:05:00-04:00,7.46999979019165,7.53000020980835,7.46999979019165,7.510000228881836,7.510000228881836,5527
2022-08-11 10:10:00-04:00,7.510000228881836,7.53000020980835,7.480000019073486,7.480000019073486,7.480000019073486,25415
2022-08-11 10:15:00-04:00,7.510000228881836,7.534999847412109,7.510000228881836,7.510000228881836,7.510000228881836,15229
2022-08-11 10:20:00-04:00,7.510000228881836,7.53000020980835,7.510000228881836,7.519999980926514,7.519999980926514,3670
2022-08-11 10:25:00-04:00,7.510000228881836,7.550000190734863,7.500999927520752,7.500999927520752,7.500999927520752,9350
2022-08-11 10:30:00-04:00,7.5,7.5,7.460000038146973,7.465000152587891,7.465000152587891,9890
2022-08-11 10:35:00-04:00,7.468999862670898,7.468999862670898,7.449999809265137,7.449999809265137,7.449999809265137,1922
2022-08-11 10:40:00-04:00,7.440000057220459,7.449999809265137,7.409999847412109,7.434999942779541,7.434999942779541,8535
2022-08-11 10:45:00-04:00,7.429999828338623,7.440000057220459,7.429999828338623,7.43149995803833,7.43149995803833,1775
2022-08-11 10:50:00-04:00,7.434999942779541,7.449999809265137,7.434999942779541,7.449999809265137,7.449999809265137,2528
2022-08-11 10:55:00-04:00,7.440000057220459,7.449999809265137,7.429999828338623,7.449999809265137,7.449999809265137,2302
2022-08-11 11:00:00-04:00,7.449999809265137,7.449999809265137,7.429999828338623,7.429999828338623,7.429999828338623,2262
2022-08-11 11:05:00-04:00,7.420000076293945,7.429999828338623,7.400000095367432,7.400000095367432,7.400000095367432,1599
2022-08-11 11:10:00-04:00,7.389999866485596,7.402299880981445,7.385000228881836,7.389999866485596,7.389999866485596,4567
2022-08-11 11:15:00-04:00,7.380000114440918,7.400000095367432,7.349999904632568,7.349999904632568,7.349999904632568,4874
2022-08-11 11:25:00-04:00,7.360000133514404,7.369999885559082,7.359000205993652,7.364999771118164,7.364999771118164,2216
2022-08-11 11:30:00-04:00,7.369999885559082,7.369999885559082,7.360000133514404,7.369999885559082,7.369999885559082,781
2022-08-11 11:35:00-04:00,7.369999885559082,7.369999885559082,7.34499979019165,7.369999885559082,7.369999885559082,5964
2022-08-11 11:40:00-04:00,7.375,7.380000114440918,7.375,7.380000114440918,7.380000114440918,1754
2022-08-11 11:45:00-04:00,7.380000114440918,7.380000114440918,7.364999771118164,7.380000114440918,7.380000114440918,3805
2022-08-11 11:50:00-04:00,7.389999866485596,7.400000095367432,7.380000114440918,7.380000114440918,7.380000114440918,1905
2022-08-11 11:55:00-04:00,7.380000114440918,7.400000095367432,7.375,7.380000114440918,7.380000114440918,2528
2022-08-11 12:00:00-04:00,7.380000114440918,7.40500020980835,7.380000114440918,7.40500020980835,7.40500020980835,3929
2022-08-11 12:05:00-04:00,7.400000095367432,7.400000095367432,7.389999866485596,7.389999866485596,7.389999866485596,589
2022-08-11 12:10:00-04:00,7.389999866485596,7.40500020980835,7.385000228881836,7.389999866485596,7.389999866485596,6184
2022-08-11 12:15:00-04:00,7.385000228881836,7.400000095367432,7.380000114440918,7.385000228881836,7.385000228881836,3283
2022-08-11 12:20:00-04:00,7.380000114440918,7.380000114440918,7.375,7.380000114440918,7.380000114440918,1946
2022-08-11 12:25:00-04:00,7.389999866485596,7.414999961853027,7.389999866485596,7.414999961853027,7.414999961853027,1318
2022-08-11 12:30:00-04:00,7.414999961853027,7.414999961853027,7.40500020980835,7.40500020980835,7.40500020980835,4135
2022-08-11 12:35:00-04:00,7.389999866485596,7.394999980926514,7.389999866485596,7.394999980926514,7.394999980926514,915
2022-08-11 12:40:00-04:00,7.389999866485596,7.389999866485596,7.380000114440918,7.380000114440918,7.380000114440918,3505
2022-08-11 12:45:00-04:00,7.380000114440918,7.400000095367432,7.375,7.389999866485596,7.389999866485596,4790
2022-08-11 12:50:00-04:00,7.394999980926514,7.394999980926514,7.394999980926514,7.394999980926514,7.394999980926514,1420
2022-08-11 12:55:00-04:00,7.394999980926514,7.394999980926514,7.389999866485596,7.394999980926514,7.394999980926514,1110
2022-08-11 13:00:00-04:00,7.394999980926514,7.394999980926514,7.389999866485596,7.394999980926514,7.394999980926514,4306
2022-08-11 13:05:00-04:00,7.394999980926514,7.400000095367432,7.394999980926514,7.394999980926514,7.394999980926514,4662
2022-08-11 13:10:00-04:00,7.394999980926514,7.394999980926514,7.394999980926514,7.394999980926514,7.394999980926514,702
2022-08-11 13:15:00-04:00,7.400000095367432,7.449999809265137,7.394999980926514,7.445000171661377,7.445000171661377,7380
2022-08-11 13:20:00-04:00,7.444799900054932,7.445000171661377,7.444799900054932,7.445000171661377,7.445000171661377,401
2022-08-11 13:25:00-04:00,7.445000171661377,7.449999809265137,7.440000057220459,7.442599773406982,7.442599773406982,2322
2022-08-11 13:30:00-04:00,7.445000171661377,7.449999809265137,7.434999942779541,7.449999809265137,7.449999809265137,3710
2022-08-11 13:35:00-04:00,7.445000171661377,7.449999809265137,7.445000171661377,7.445000171661377,7.445000171661377,1811
2022-08-11 13:40:00-04:00,7.449999809265137,7.454999923706055,7.449999809265137,7.454999923706055,7.454999923706055,7270
2022-08-11 13:45:00-04:00,7.440000057220459,7.449999809265137,7.434999942779541,7.445000171661377,7.445000171661377,3648
2022-08-11 13:50:00-04:00,7.445000171661377,7.454999923706055,7.440000057220459,7.440000057220459,7.440000057220459,5188
2022-08-11 13:55:00-04:00,7.440000057220459,7.449999809265137,7.434999942779541,7.445000171661377,7.445000171661377,2610
2022-08-11 14:00:00-04:00,7.449999809265137,7.449999809265137,7.445000171661377,7.445000171661377,7.445000171661377,408
2022-08-11 14:05:00-04:00,7.445000171661377,7.449999809265137,7.440000057220459,7.440000057220459,7.440000057220459,992
2022-08-11 14:10:00-04:00,7.445000171661377,7.449999809265137,7.445000171661377,7.449999809265137,7.449999809265137,3840
2022-08-11 14:15:00-04:00,7.449999809265137,7.454999923706055,7.449999809265137,7.449999809265137,7.449999809265137,7595
2022-08-11 14:20:00-04:00,7.449999809265137,7.449999809265137,7.440000057220459,7.445000171661377,7.445000171661377,2770
2022-08-11 14:25:00-04:00,7.440000057220459,7.445000171661377,7.440000057220459,7.440000057220459,7.440000057220459,1143
2022-08-11 14:30:00-04:00,7.440000057220459,7.46999979019165,7.429999828338623,7.465000152587891,7.465000152587891,7814
2022-08-11 14:35:00-04:00,7.46999979019165,7.489999771118164,7.46999979019165,7.485000133514404,7.485000133514404,2257
2022-08-11 14:40:00-04:00,7.485000133514404,7.485000133514404,7.440000057220459,7.440000057220459,7.440000057220459,25702
2022-08-11 14:45:00-04:00,7.445000171661377,7.46999979019165,7.440000057220459,7.46999979019165,7.46999979019165,5966
2022-08-11 14:50:00-04:00,7.46999979019165,7.480000019073486,7.465000152587891,7.465000152587891,7.465000152587891,2836
2022-08-11 14:55:00-04:00,7.46999979019165,7.480000019073486,7.465000152587891,7.480000019073486,7.480000019073486,3329
2022-08-11 15:00:00-04:00,7.474999904632568,7.480000019073486,7.465000152587891,7.480000019073486,7.480000019073486,2929
2022-08-11 15:05:00-04:00,7.480000019073486,7.489999771118164,7.480000019073486,7.489999771118164,7.489999771118164,3315
2022-08-11 15:10:00-04:00,7.489099979400635,7.489099979400635,7.429999828338623,7.454999923706055,7.454999923706055,29599
2022-08-11 15:15:00-04:00,7.454999923706055,7.46999979019165,7.445000171661377,7.46999979019165,7.46999979019165,3541
2022-08-11 15:20:00-04:00,7.465000152587891,7.480000019073486,7.449999809265137,7.460000038146973,7.460000038146973,6316
2022-08-11 15:25:00-04:00,7.460000038146973,7.474999904632568,7.460000038146973,7.46999979019165,7.46999979019165,4213
2022-08-11 15:30:00-04:00,7.465000152587891,7.480000019073486,7.465000152587891,7.480000019073486,7.480000019073486,3784
2022-08-11 15:35:00-04:00,7.472799777984619,7.474999904632568,7.46999979019165,7.46999979019165,7.46999979019165,2300
2022-08-11 15:40:00-04:00,7.474999904632568,7.480000019073486,7.46999979019165,7.474999904632568,7.474999904632568,3148
2022-08-11 15:45:00-04:00,7.474999904632568,7.489999771118164,7.46999979019165,7.485000133514404,7.485000133514404,6934
2022-08-11 15:50:00-04:00,7.485000133514404,7.5,7.480000019073486,7.489999771118164,7.489999771118164,11092
2022-08-11 15:55:00-04:00,7.489999771118164,7.489999771118164,7.449999809265137,7.474999904632568,7.474999904632568,37321
2022-08-12 09:30:00-04:00,7.539999961853027,7.539999961853027,7.510000228881836,7.510000228881836,7.510000228881836,6110
2022-08-12 09:35:00-04:00,7.46999979019165,7.46999979019165,7.46999979019165,7.46999979019165,7.46999979019165,781
2022-08-12 09:40:00-04:00,7.5,7.559999942779541,7.5,7.554999828338623,7.554999828338623,4060
2022-08-12 09:45:00-04:00,7.539999961853027,7.539999961853027,7.489999771118164,7.5,7.5,1569
2022-08-12 09:50:00-04:00,7.565000057220459,7.574999809265137,7.550000190734863,7.570000171661377,7.570000171661377,2515
2022-08-12 09:55:00-04:00,7.539999961853027,7.539999961853027,7.539999961853027,7.539999961853027,7.539999961853027,1597
2022-08-12 10:00:00-04:00,7.5,7.545000076293945,7.5,7.545000076293945,7.545000076293945,3912
2022-08-12 10:05:00-04:00,7.550000190734863,7.579999923706055,7.550000190734863,7.579999923706055,7.579999923706055,2335
2022-08-12 10:10:00-04:00,7.570000171661377,7.585000038146973,7.565000057220459,7.570000171661377,7.570000171661377,2334
2022-08-12 10:15:00-04:00,7.570000171661377,7.599999904632568,7.570000171661377,7.594799995422363,7.594799995422363,5139
2022-08-12 10:20:00-04:00,7.590000152587891,7.599999904632568,7.579999923706055,7.599999904632568,7.599999904632568,6651
2022-08-12 10:25:00-04:00,7.599999904632568,7.630000114440918,7.590000152587891,7.610000133514404,7.610000133514404,2133
2022-08-12 10:30:00-04:00,7.599999904632568,7.610000133514404,7.59499979019165,7.599999904632568,7.599999904632568,5326
2022-08-12 10:35:00-04:00,7.59499979019165,7.599999904632568,7.574999809265137,7.574999809265137,7.574999809265137,6734
2022-08-12 10:40:00-04:00,7.574999809265137,7.574999809265137,7.559999942779541,7.559999942779541,7.559999942779541,592
2022-08-12 10:45:00-04:00,7.550000190734863,7.550000190734863,7.550000190734863,7.550000190734863,7.550000190734863,1636
2022-08-12 10:50:00-04:00,7.570000171661377,7.599999904632568,7.570000171661377,7.599999904632568,7.599999904632568,5772
2022-08-12 10:55:00-04:00,7.59499979019165,7.605000019073486,7.59499979019165,7.605000019073486,7.605000019073486,10486
2022-08-12 11:00:00-04:00,7.605000019073486,7.610000133514404,7.585000038146973,7.595699787139893,7.595699787139893,10641
2022-08-12 11:05:00-04:00,7.610000133514404,7.619999885559082,7.610000133514404,7.614999771118164,7.614999771118164,1486
2022-08-12 11:10:00-04:00,7.619999885559082,7.659999847412109,7.619999885559082,7.639999866485596,7.639999866485596,6688
2022-08-12 11:15:00-04:00,7.650000095367432,7.690000057220459,7.650000095367432,7.690000057220459,7.690000057220459,3161
2022-08-12 11:20:00-04:00,7.690000057220459,7.71999979019165,7.689700126647949,7.71999979019165,7.71999979019165,4336
2022-08-12 11:25:00-04:00,7.71999979019165,7.739999771118164,7.719900131225586,7.7342000007629395,7.7342000007629395,10907
2022-08-12 11:30:00-04:00,7.735000133514404,7.739999771118164,7.735000133514404,7.739999771118164,7.739999771118164,1340
2022-08-12 11:35:00-04:00,7.75,7.750699996948242,7.650000095367432,7.659999847412109,7.659999847412109,15302
2022-08-12 11:40:00-04:00,7.670000076293945,7.6992998123168945,7.664999961853027,7.690000057220459,7.690000057220459,7062
2022-08-12 11:45:00-04:00,7.699999809265137,7.699999809265137,7.679999828338623,7.690000057220459,7.690000057220459,2729
2022-08-12 11:50:00-04:00,7.690000057220459,7.699999809265137,7.650000095367432,7.65500020980835,7.65500020980835,20836
2022-08-12 11:55:00-04:00,7.650000095367432,7.690000057220459,7.639999866485596,7.690000057220459,7.690000057220459,6439
2022-08-12 12:00:00-04:00,7.690000057220459,7.690000057220459,7.679999828338623,7.690000057220459,7.690000057220459,3144
2022-08-12 12:05:00-04:00,7.690000057220459,7.690000057220459,7.659999847412109,7.664999961853027,7.664999961853027,5030
2022-08-12 12:10:00-04:00,7.670000076293945,7.670000076293945,7.664999961853027,7.664999961853027,7.664999961853027,749
2022-08-12 12:15:00-04:00,7.670000076293945,7.699999809265137,7.670000076293945,7.690000057220459,7.690000057220459,4410
2022-08-12 12:20:00-04:00,7.679999828338623,7.679999828338623,7.670000076293945,7.679999828338623,7.679999828338623,941
2022-08-12 12:25:00-04:00,7.679999828338623,7.679999828338623,7.659999847412109,7.659999847412109,7.659999847412109,2007
2022-08-12 12:30:00-04:00,7.670000076293945,7.670000076293945,7.664999961853027,7.664999961853027,7.664999961853027,501
2022-08-12 12:35:00-04:00,7.659999847412109,7.699999809265137,7.659999847412109,7.679999828338623,7.679999828338623,2916
2022-08-12 12:40:00-04:00,7.675000190734863,7.679999828338623,7.675000190734863,7.679999828338623,7.679999828338623,633
2022-08-12 12:45:00-04:00,7.684999942779541,7.684999942779541,7.679999828338623,7.679999828338623,7.679999828338623,5658
2022-08-12 12:50:00-04:00,7.659999847412109,7.670000076293945,7.650000095367432,7.650000095367432,7.650000095367432,1233
2022-08-12 12:55:00-04:00,7.650000095367432,7.65500020980835,7.650000095367432,7.65500020980835,7.65500020980835,342
2022-08-12 13:00:00-04:00,7.659999847412109,7.675000190734863,7.659999847412109,7.669300079345703,7.669300079345703,4030
2022-08-12 13:05:00-04:00,7.670000076293945,7.675000190734863,7.670000076293945,7.675000190734863,7.675000190734863,1500
2022-08-12 13:10:00-04:00,7.679999828338623,7.690000057220459,7.679999828338623,7.684999942779541,7.684999942779541,2937
2022-08-12 13:15:00-04:00,7.6875,7.739999771118164,7.679999828338623,7.715000152587891,7.715000152587891,28148
2022-08-12 13:20:00-04:00,7.71999979019165,7.71999979019165,7.695000171661377,7.699999809265137,7.699999809265137,2234
2022-08-12 13:25:00-04:00,7.710000038146973,7.730000019073486,7.710000038146973,7.730000019073486,7.730000019073486,892
2022-08-12 13:30:00-04:00,7.730000019073486,7.730000019073486,7.71999979019165,7.727499961853027,7.727499961853027,53071
2022-08-12 13:35:00-04:00,7.71999979019165,7.71999979019165,7.695000171661377,7.710000038146973,7.710000038146973,10072
2022-08-12 13:40:00-04:00,7.7133002281188965,7.71999979019165,7.7133002281188965,7.71999979019165,7.71999979019165,2047
2022-08-12 13:45:00-04:00,7.715000152587891,7.715000152587891,7.715000152587891,7.715000152587891,7.715000152587891,100
2022-08-12 13:50:00-04:00,7.71999979019165,7.71999979019165,7.695000171661377,7.707099914550781,7.707099914550781,6341
2022-08-12 13:55:00-04:00,7.703000068664551,7.703000068664551,7.703000068664551,7.703000068664551,7.703000068664551,150
2022-08-12 14:00:00-04:00,7.710000038146973,7.71999979019165,7.710000038146973,7.71999979019165,7.71999979019165,20172
2022-08-12 14:05:00-04:00,7.715000152587891,7.71999979019165,7.715000152587891,7.71560001373291,7.71560001373291,1512
2022-08-12 14:10:00-04:00,7.715000152587891,7.71999979019165,7.715000152587891,7.71999979019165,7.71999979019165,20872
2022-08-12 14:15:00-04:00,7.715000152587891,7.71999979019165,7.715000152587891,7.715000152587891,7.715000152587891,1023
2022-08-12 14:20:00-04:00,7.71999979019165,7.71999979019165,7.71750020980835,7.71750020980835,7.71750020980835,3489
2022-08-12 14:25:00-04:00,7.715000152587891,7.715000152587891,7.699999809265137,7.699999809265137,7.699999809265137,9225
2022-08-12 14:30:00-04:00,7.710000038146973,7.71999979019165,7.710000038146973,7.71999979019165,7.71999979019165,5031
2022-08-12 14:35:00-04:00,7.71999979019165,7.739999771118164,7.71999979019165,7.739999771118164,7.739999771118164,6111
2022-08-12 14:40:00-04:00,7.739999771118164,7.760000228881836,7.735000133514404,7.760000228881836,7.760000228881836,4061
2022-08-12 14:45:00-04:00,7.769999980926514,7.789999961853027,7.7600998878479,7.789999961853027,7.789999961853027,3276
2022-08-12 14:50:00-04:00,7.789999961853027,7.809999942779541,7.789999961853027,7.800000190734863,7.800000190734863,8961
2022-08-12 14:55:00-04:00,7.795000076293945,7.820000171661377,7.795000076293945,7.820000171661377,7.820000171661377,2384
2022-08-12 15:00:00-04:00,7.815000057220459,7.829999923706055,7.804999828338623,7.820000171661377,7.820000171661377,7842
2022-08-12 15:05:00-04:00,7.820000171661377,7.829999923706055,7.820000171661377,7.829999923706055,7.829999923706055,2273
2022-08-12 15:10:00-04:00,7.829999923706055,7.840000152587891,7.824999809265137,7.829999923706055,7.829999923706055,5461
2022-08-12 15:15:00-04:00,7.820000171661377,7.835000038146973,7.815000057220459,7.835000038146973,7.835000038146973,6429
2022-08-12 15:20:00-04:00,7.829999923706055,7.829999923706055,7.820000171661377,7.829999923706055,7.829999923706055,4855
2022-08-12 15:25:00-04:00,7.829999923706055,7.840000152587891,7.824999809265137,7.835000038146973,7.835000038146973,12760
2022-08-12 15:30:00-04:00,7.840000152587891,7.869999885559082,7.835000038146973,7.860000133514404,7.860000133514404,8689
2022-08-12 15:35:00-04:00,7.860000133514404,7.869999885559082,7.855000019073486,7.869999885559082,7.869999885559082,6698
2022-08-12 15:40:00-04:00,7.864999771118164,7.885000228881836,7.864999771118164,7.875,7.875,6360
2022-08-12 15:45:00-04:00,7.869999885559082,7.885000228881836,7.860000133514404,7.880000114440918,7.880000114440918,8303
2022-08-12 15:50:00-04:00,7.880000114440918,7.900000095367432,7.869999885559082,7.889999866485596,7.889999866485596,11521
2022-08-12 15:55:00-04:00,7.894999980926514,7.909999847412109,7.870100021362305,7.885000228881836,7.885000228881836,29240
2022-08-15 09:30:00-04:00,7.849999904632568,7.949999809265137,7.835000038146973,7.934999942779541,7.934999942779541,7460
2022-08-15 09:35:00-04:00,7.909999847412109,7.909999847412109,7.849999904632568,7.869999885559082,7.869999885559082,2043
2022-08-15 09:40:00-04:00,7.864999771118164,7.889999866485596,7.849999904632568,7.889999866485596,7.889999866485596,3440
2022-08-15 09:45:00-04:00,7.889999866485596,7.889999866485596,7.841000080108643,7.841000080108643,7.841000080108643,4296
2022-08-15 09:50:00-04:00,7.849999904632568,7.855000019073486,7.809999942779541,7.855000019073486,7.855000019073486,2572
2022-08-15 09:55:00-04:00,7.860000133514404,7.860000133514404,7.820000171661377,7.840000152587891,7.840000152587891,7514
2022-08-15 10:00:00-04:00,7.829999923706055,7.840000152587891,7.809999942779541,7.840000152587891,7.840000152587891,2838
2022-08-15 10:05:00-04:00,7.840000152587891,7.840000152587891,7.809999942779541,7.809999942779541,7.809999942779541,1476
2022-08-15 10:10:00-04:00,7.820000171661377,7.840000152587891,7.789999961853027,7.820000171661377,7.820000171661377,3427
2022-08-15 10:15:00-04:00,7.820000171661377,7.820000171661377,7.795000076293945,7.795000076293945,7.795000076293945,2928
2022-08-15 10:20:00-04:00,7.789999961853027,7.800000190734863,7.764999866485596,7.800000190734863,7.800000190734863,3737
2022-08-15 10:25:00-04:00,7.790800094604492,7.790800094604492,7.769999980926514,7.78000020980835,7.78000020980835,1601
2022-08-15 10:30:00-04:00,7.789999961853027,7.795000076293945,7.78000020980835,7.78000020980835,7.78000020980835,5333
2022-08-15 10:35:00-04:00,7.760000228881836,7.789999961853027,7.744999885559082,7.78000020980835,7.78000020980835,3679
2022-08-15 10:40:00-04:00,7.78000020980835,7.79010009765625,7.78000020980835,7.785299777984619,7.785299777984619,2126
2022-08-15 10:45:00-04:00,7.78000020980835,7.78000020980835,7.764999866485596,7.774499893188477,7.774499893188477,3728
2022-08-15 10:50:00-04:00,7.769999980926514,7.78000020980835,7.769999980926514,7.78000020980835,7.78000020980835,2609
2022-08-15 10:55:00-04:00,7.760000228881836,7.764999866485596,7.760000228881836,7.760000228881836,7.760000228881836,3636
2022-08-15 11:00:00-04:00,7.75,7.764999866485596,7.75,7.764999866485596,7.764999866485596,1695
2022-08-15 11:05:00-04:00,7.764999866485596,7.769999980926514,7.755000114440918,7.769999980926514,7.769999980926514,3893
2022-08-15 11:10:00-04:00,7.769999980926514,7.769999980926514,7.755000114440918,7.755000114440918,7.755000114440918,2488
2022-08-15 11:15:00-04:00,7.75,7.750100135803223,7.704999923706055,7.71999979019165,7.71999979019165,5825
2022-08-15 11:20:00-04:00,7.71999979019165,7.71999979019165,7.71999979019165,7.71999979019165,7.71999979019165,520
2022-08-15 11:25:00-04:00,7.710000038146973,7.710100173950195,7.695000171661377,7.710100173950195,7.710100173950195,2484
2022-08-15 11:30:00-04:00,7.710000038146973,7.730000019073486,7.710000038146973,7.71999979019165,7.71999979019165,1970
2022-08-15 11:35:00-04:00,7.730000019073486,7.739999771118164,7.730000019073486,7.739999771118164,7.739999771118164,1542
2022-08-15 11:40:00-04:00,7.739999771118164,7.739999771118164,7.735000133514404,7.739999771118164,7.739999771118164,2037
2022-08-15 11:45:00-04:00,7.744999885559082,7.789999961853027,7.744999885559082,7.769999980926514,7.769999980926514,13232
2022-08-15 11:50:00-04:00,7.760000228881836,7.760000228881836,7.75,7.75,7.75,565
2022-08-15 11:55:00-04:00,7.760000228881836,7.760000228881836,7.755000114440918,7.755000114440918,7.755000114440918,630
2022-08-15 12:00:00-04:00,7.755000114440918,7.769999980926514,7.75,7.769999980926514,7.769999980926514,3060
2022-08-15 12:05:00-04:00,7.78000020980835,7.78000020980835,7.78000020980835,7.78000020980835,7.78000020980835,612
2022-08-15 12:10:00-04:00,7.789999961853027,7.789999961853027,7.775000095367432,7.775000095367432,7.775000095367432,1680
2022-08-15 12:15:00-04:00,7.775400161743164,7.78000020980835,7.769999980926514,7.775000095367432,7.775000095367432,705
2022-08-15 12:20:00-04:00,7.772600173950195,7.78000020980835,7.769999980926514,7.769999980926514,7.769999980926514,677
2022-08-15 12:25:00-04:00,7.769999980926514,7.769999980926514,7.739999771118164,7.739999771118164,7.739999771118164,2524
2022-08-15 12:30:00-04:00,7.7469000816345215,7.78000020980835,7.744999885559082,7.78000020980835,7.78000020980835,5107
2022-08-15 12:35:00-04:00,7.789999961853027,7.789999961853027,7.769999980926514,7.769999980926514,7.769999980926514,2152
2022-08-15 12:40:00-04:00,7.760000228881836,7.760000228881836,7.750100135803223,7.750100135803223,7.750100135803223,1193
2022-08-15 12:45:00-04:00,7.744999885559082,7.75,7.735000133514404,7.735000133514404,7.735000133514404,1967
2022-08-15 12:50:00-04:00,7.739999771118164,7.755000114440918,7.730000019073486,7.755000114440918,7.755000114440918,3773
2022-08-15 12:55:00-04:00,7.757699966430664,7.769999980926514,7.757699966430664,7.760000228881836,7.760000228881836,1272
2022-08-15 13:00:00-04:00,7.764999866485596,7.764999866485596,7.764999866485596,7.764999866485596,7.764999866485596,107
2022-08-15 13:05:00-04:00,7.769999980926514,7.769999980926514,7.764999866485596,7.764999866485596,7.764999866485596,1538
2022-08-15 13:10:00-04:00,7.760000228881836,7.760000228881836,7.737500190734863,7.75,7.75,6945
2022-08-15 13:15:00-04:00,7.75,7.75,7.724999904632568,7.724999904632568,7.724999904632568,1259
2022-08-15 13:20:00-04:00,7.71999979019165,7.724999904632568,7.71999979019165,7.724999904632568,7.724999904632568,868
2022-08-15 13:25:00-04:00,7.724999904632568,7.724999904632568,7.724999904632568,7.724999904632568,7.724999904632568,564
2022-08-15 13:30:00-04:00,7.730000019073486,7.730000019073486,7.71999979019165,7.724999904632568,7.724999904632568,1247
2022-08-15 13:35:00-04:00,7.724999904632568,7.724999904632568,7.71999979019165,7.71999979019165,7.71999979019165,1937
2022-08-15 13:40:00-04:00,7.71999979019165,7.730000019073486,7.71999979019165,7.71999979019165,7.71999979019165,1398
2022-08-15 13:45:00-04:00,7.71999979019165,7.71999979019165,7.71999979019165,7.71999979019165,7.71999979019165,329
2022-08-15 13:50:00-04:00,7.71999979019165,7.724999904632568,7.71999979019165,7.71999979019165,7.71999979019165,1013
2022-08-15 13:55:00-04:00,7.71999979019165,7.71999979019165,7.71999979019165,7.71999979019165,7.71999979019165,2493
2022-08-15 14:00:00-04:00,7.71999979019165,7.724999904632568,7.71999979019165,7.724999904632568,7.724999904632568,1932
2022-08-15 14:05:00-04:00,7.71999979019165,7.730000019073486,7.710000038146973,7.710000038146973,7.710000038146973,2268
2022-08-15 14:10:00-04:00,7.71999979019165,7.71999979019165,7.710000038146973,7.710000038146973,7.710000038146973,929
2022-08-15 14:15:00-04:00,7.71999979019165,7.724999904632568,7.710000038146973,7.714300155639648,7.714300155639648,5052
2022-08-15 14:20:00-04:00,7.715000152587891,7.715000152587891,7.710000038146973,7.710000038146973,7.710000038146973,453
2022-08-15 14:25:00-04:00,7.715000152587891,7.715000152587891,7.704999923706055,7.715000152587891,7.715000152587891,4854
2022-08-15 14:30:00-04:00,7.71999979019165,7.760000228881836,7.710000038146973,7.760000228881836,7.760000228881836,3848
2022-08-15 14:35:00-04:00,7.75,7.75,7.744999885559082,7.75,7.75,1594
2022-08-15 14:40:00-04:00,7.75,7.75,7.75,7.75,7.75,1780
2022-08-15 14:45:00-04:00,7.739999771118164,7.739999771118164,7.739999771118164,7.739999771118164,7.739999771118164,900
2022-08-15 14:50:00-04:00,7.739999771118164,7.739999771118164,7.730000019073486,7.735000133514404,7.735000133514404,1609
2022-08-15 14:55:00-04:00,7.732999801635742,7.739999771118164,7.730000019073486,7.735000133514404,7.735000133514404,1756
2022-08-15 15:00:00-04:00,7.735000133514404,7.735000133514404,7.730000019073486,7.735000133514404,7.735000133514404,1243
2022-08-15 15:05:00-04:00,7.739999771118164,7.739999771118164,7.730000019073486,7.739999771118164,7.739999771118164,1249
2022-08-15 15:10:00-04:00,7.734399795532227,7.755000114440918,7.730000019073486,7.755000114440918,7.755000114440918,4341
2022-08-15 15:15:00-04:00,7.752999782562256,7.784999847412109,7.752999782562256,7.784999847412109,7.784999847412109,4220
2022-08-15 15:20:00-04:00,7.784999847412109,7.784999847412109,7.764999866485596,7.764999866485596,7.764999866485596,4285
2022-08-15 15:25:00-04:00,7.760000228881836,7.764999866485596,7.760000228881836,7.760000228881836,7.760000228881836,1696
2022-08-15 15:30:00-04:00,7.760000228881836,7.764999866485596,7.75,7.75,7.75,3334
2022-08-15 15:35:00-04:00,7.75,7.764999866485596,7.75,7.764999866485596,7.764999866485596,8865
2022-08-15 15:40:00-04:00,7.764999866485596,7.764999866485596,7.75,7.755000114440918,7.755000114440918,6599
2022-08-15 15:45:00-04:00,7.75,7.755000114440918,7.730000019073486,7.735000133514404,7.735000133514404,13820
2022-08-15 15:50:00-04:00,7.735000133514404,7.755000114440918,7.735000133514404,7.743000030517578,7.743000030517578,7310
2022-08-15 15:55:00-04:00,7.739999771118164,7.744999885559082,7.71999979019165,7.730000019073486,7.730000019073486,41124
2022-08-16 09:30:00-04:00,7.809999942779541,7.809999942779541,7.765600204467773,7.765600204467773,7.765600204467773,10132
2022-08-16 09:35:00-04:00,7.829999923706055,7.829999923706055,7.761000156402588,7.800000190734863,7.800000190734863,5178
2022-08-16 09:40:00-04:00,7.829999923706055,7.84499979019165,7.769999980926514,7.769999980926514,7.769999980926514,9319
2022-08-16 09:45:00-04:00,7.78000020980835,7.809999942779541,7.760000228881836,7.769999980926514,7.769999980926514,2911
2022-08-16 09:50:00-04:00,7.770400047302246,7.789999961853027,7.769999980926514,7.789999961853027,7.789999961853027,1915
2022-08-16 09:55:00-04:00,7.840000152587891,7.840000152587891,7.800000190734863,7.800000190734863,7.800000190734863,2112
2022-08-16 10:00:00-04:00,7.789999961853027,7.800000190734863,7.769999980926514,7.800000190734863,7.800000190734863,3753
2022-08-16 10:05:00-04:00,7.789999961853027,7.809999942779541,7.789999961853027,7.809999942779541,7.809999942779541,706
2022-08-16 10:10:00-04:00,7.829999923706055,7.829999923706055,7.829999923706055,7.829999923706055,7.829999923706055,386
2022-08-16 10:15:00-04:00,7.840000152587891,7.849999904632568,7.840000152587891,7.849999904632568,7.849999904632568,974
2022-08-16 10:20:00-04:00,7.860000133514404,7.889999866485596,7.860000133514404,7.889999866485596,7.889999866485596,7004
2022-08-16 10:25:00-04:00,7.880000114440918,7.880000114440918,7.840000152587891,7.860000133514404,7.860000133514404,5096
2022-08-16 10:30:00-04:00,7.868899822235107,7.868899822235107,7.789999961853027,7.789999961853027,7.789999961853027,1914
2022-08-16 10:35:00-04:00,7.800000190734863,7.800000190734863,7.789999961853027,7.800000190734863,7.800000190734863,2932
2022-08-16 10:40:00-04:00,7.789999961853027,7.820000171661377,7.789999961853027,7.820000171661377,7.820000171661377,2381
2022-08-16 10:45:00-04:00,7.820000171661377,7.829999923706055,7.78000020980835,7.800000190734863,7.800000190734863,13970
2022-08-16 10:50:00-04:00,7.804999828338623,7.820000171661377,7.804999828338623,7.820000171661377,7.820000171661377,1401
2022-08-16 10:55:00-04:00,7.820000171661377,7.840000152587891,7.815000057220459,7.840000152587891,7.840000152587891,1796
2022-08-16 11:00:00-04:00,7.829999923706055,7.849999904632568,7.829999923706055,7.84499979019165,7.84499979019165,6531
2022-08-16 11:05:00-04:00,7.820000171661377,7.829999923706055,7.809999942779541,7.829999923706055,7.829999923706055,4094
2022-08-16 11:10:00-04:00,7.849999904632568,7.860000133514404,7.84499979019165,7.860000133514404,7.860000133514404,5214
2022-08-16 11:15:00-04:00,7.880000114440918,7.880000114440918,7.880000114440918,7.880000114440918,7.880000114440918,1237
2022-08-16 11:20:00-04:00,7.889999866485596,7.909999847412109,7.889999866485596,7.909999847412109,7.909999847412109,2277
2022-08-16 11:25:00-04:00,7.920000076293945,7.960000038146973,7.920000076293945,7.960000038146973,7.960000038146973,2456
2022-08-16 11:30:00-04:00,7.960000038146973,7.960000038146973,7.920000076293945,7.920000076293945,7.920000076293945,4734
2022-08-16 11:35:00-04:00,7.910900115966797,7.914999961853027,7.900000095367432,7.900000095367432,7.900000095367432,2419
2022-08-16 11:40:00-04:00,7.900000095367432,7.909999847412109,7.900000095367432,7.909999847412109,7.909999847412109,877
2022-08-16 11:45:00-04:00,7.920000076293945,7.920000076293945,7.914999961853027,7.920000076293945,7.920000076293945,2205
2022-08-16 11:50:00-04:00,7.919899940490723,7.960000038146973,7.919899940490723,7.960000038146973,7.960000038146973,6276
2022-08-16 11:55:00-04:00,7.96999979019165,7.980000019073486,7.965000152587891,7.965000152587891,7.965000152587891,1070
2022-08-16 12:00:00-04:00,7.965000152587891,7.980000019073486,7.965000152587891,7.980000019073486,7.980000019073486,2194
2022-08-16 12:05:00-04:00,7.960000038146973,7.960000038146973,7.949999809265137,7.949999809265137,7.949999809265137,2837
2022-08-16 12:10:00-04:00,7.940000057220459,7.940000057220459,7.929999828338623,7.929999828338623,7.929999828338623,1423
2022-08-16 12:15:00-04:00,7.920000076293945,7.949999809265137,7.920000076293945,7.949900150299072,7.949900150299072,7538
2022-08-16 12:20:00-04:00,7.960000038146973,7.96999979019165,7.954999923706055,7.96999979019165,7.96999979019165,1382
2022-08-16 12:25:00-04:00,7.96999979019165,7.96999979019165,7.954999923706055,7.954999923706055,7.954999923706055,2358
2022-08-16 12:30:00-04:00,7.954999923706055,7.96999979019165,7.949999809265137,7.949999809265137,7.949999809265137,4084
2022-08-16 12:35:00-04:00,7.960000038146973,7.960000038146973,7.954999923706055,7.954999923706055,7.954999923706055,3656
2022-08-16 12:40:00-04:00,7.954999923706055,7.954999923706055,7.929999828338623,7.934199810028076,7.934199810028076,7391
2022-08-16 12:45:00-04:00,7.934999942779541,7.949999809265137,7.934999942779541,7.94980001449585,7.94980001449585,6797
2022-08-16 12:50:00-04:00,7.960000038146973,7.989999771118164,7.960000038146973,7.989999771118164,7.989999771118164,4161
2022-08-16 12:55:00-04:00,7.989999771118164,8.0,7.989999771118164,7.994999885559082,7.994999885559082,17695
2022-08-16 13:00:00-04:00,8.0,8.005000114440918,7.96999979019165,7.9756999015808105,7.9756999015808105,18193
2022-08-16 13:05:00-04:00,7.965000152587891,7.980000019073486,7.965000152587891,7.96999979019165,7.96999979019165,2057
2022-08-16 13:10:00-04:00,7.980000019073486,7.989999771118164,7.980000019073486,7.989999771118164,7.989999771118164,914
2022-08-16 13:15:00-04:00,7.994999885559082,7.994999885559082,7.989999771118164,7.989999771118164,7.989999771118164,1878
2022-08-16 13:20:00-04:00,7.989999771118164,7.990099906921387,7.980000019073486,7.989999771118164,7.989999771118164,1048
2022-08-16 13:25:00-04:00,8.0,8.005000114440918,7.980000019073486,7.989999771118164,7.989999771118164,13860
2022-08-16 13:30:00-04:00,7.989999771118164,7.989999771118164,7.989999771118164,7.989999771118164,7.989999771118164,1172
2022-08-16 13:35:00-04:00,8.0,8.010000228881836,7.989999771118164,7.989999771118164,7.989999771118164,30604
2022-08-16 13:40:00-04:00,8.0,8.045000076293945,7.994999885559082,8.039999961853027,8.039999961853027,12434
2022-08-16 13:45:00-04:00,8.03499984741211,8.070500373840332,8.03499984741211,8.069999694824219,8.069999694824219,3688
2022-08-16 13:50:00-04:00,8.069999694824219,8.069999694824219,8.0600004196167,8.0600004196167,8.0600004196167,2985
2022-08-16 13:55:00-04:00,8.069999694824219,8.085000038146973,8.069999694824219,8.085000038146973,8.085000038146973,2470
2022-08-16 14:00:00-04:00,8.09000015258789,8.09000015258789,8.055000305175781,8.055000305175781,8.055000305175781,3016
2022-08-16 14:05:00-04:00,8.059900283813477,8.074999809265137,8.055000305175781,8.074999809265137,8.074999809265137,7223
2022-08-16 14:10:00-04:00,8.09000015258789,8.09000015258789,8.069999694824219,8.074999809265137,8.074999809265137,10317
2022-08-16 14:15:00-04:00,8.069999694824219,8.079999923706055,8.0649995803833,8.0649995803833,8.0649995803833,1199
2022-08-16 14:20:00-04:00,8.0649995803833,8.079999923706055,8.0649995803833,8.079999923706055,8.079999923706055,1997
2022-08-16 14:25:00-04:00,8.085000038146973,8.09000015258789,8.069999694824219,8.079999923706055,8.079999923706055,7010
2022-08-16 14:30:00-04:00,8.079999923706055,8.079999923706055,8.069999694824219,8.079999923706055,8.079999923706055,2804
2022-08-16 14:35:00-04:00,8.069999694824219,8.069999694824219,8.010000228881836,8.020000457763672,8.020000457763672,3778
2022-08-16 14:40:00-04:00,8.020000457763672,8.020000457763672,7.994999885559082,8.010000228881836,8.010000228881836,2670
2022-08-16 14:45:00-04:00,8.0,8.010000228881836,7.989999771118164,8.0,8.0,3789
2022-08-16 14:50:00-04:00,8.0,8.0,7.960000038146973,7.960000038146973,7.960000038146973,3192
2022-08-16 14:55:00-04:00,7.954999923706055,7.980000019073486,7.949999809265137,7.974999904632568,7.974999904632568,3461
2022-08-16 15:00:00-04:00,7.96999979019165,7.96999979019165,7.949999809265137,7.949999809265137,7.949999809265137,2590
2022-08-16 15:05:00-04:00,7.945000171661377,7.96999979019165,7.945000171661377,7.965000152587891,7.965000152587891,2867
2022-08-16 15:10:00-04:00,7.960000038146973,7.960000038146973,7.929999828338623,7.929999828338623,7.929999828338623,3866
2022-08-16 15:15:00-04:00,7.920000076293945,7.949999809265137,7.920000076293945,7.949999809265137,7.949999809265137,2500
2022-08-16 15:20:00-04:00,7.940000057220459,7.940000057220459,7.900000095367432,7.929999828338623,7.929999828338623,26911
2022-08-16 15:25:00-04:00,7.934999942779541,7.940000057220459,7.925000190734863,7.925000190734863,7.925000190734863,4001
2022-08-16 15:30:00-04:00,7.929999828338623,7.949999809265137,7.929999828338623,7.929999828338623,7.929999828338623,5543
2022-08-16 15:35:00-04:00,7.929999828338623,7.949999809265137,7.925000190734863,7.949999809265137,7.949999809265137,5013
2022-08-16 15:40:00-04:00,7.949999809265137,7.954999923706055,7.925000190734863,7.929999828338623,7.929999828338623,8031
2022-08-16 15:45:00-04:00,7.929999828338623,7.945000171661377,7.927999973297119,7.929999828338623,7.929999828338623,4839
2022-08-16 15:50:00-04:00,7.940000057220459,7.945000171661377,7.914999961853027,7.945000171661377,7.945000171661377,13401
2022-08-16 15:55:00-04:00,7.940000057220459,7.949999809265137,7.929999828338623,7.940000057220459,7.940000057220459,20850
2022-08-17 09:30:00-04:00,7.840000152587891,7.840000152587891,7.75,7.78000020980835,7.78000020980835,5943
2022-08-17 09:35:00-04:00,7.820000171661377,7.820000171661377,7.7820000648498535,7.809999942779541,7.809999942779541,1290
2022-08-17 09:40:00-04:00,7.800000190734863,7.829999923706055,7.789999961853027,7.809999942779541,7.809999942779541,6263
2022-08-17 09:45:00-04:00,7.849999904632568,7.889999866485596,7.840000152587891,7.840000152587891,7.840000152587891,3375
2022-08-17 09:50:00-04:00,7.800000190734863,7.809999942779541,7.800000190734863,7.809999942779541,7.809999942779541,693
2022-08-17 09:55:00-04:00,7.849999904632568,7.880000114440918,7.849999904632568,7.880000114440918,7.880000114440918,2126
2022-08-17 10:00:00-04:00,7.880000114440918,7.880000114440918,7.85099983215332,7.85099983215332,7.85099983215332,995
2022-08-17 10:05:00-04:00,7.889999866485596,7.889999866485596,7.869999885559082,7.869999885559082,7.869999885559082,1209
2022-08-17 10:10:00-04:00,7.869999885559082,7.869999885559082,7.8420000076293945,7.869999885559082,7.869999885559082,1063
2022-08-17 10:15:00-04:00,7.849999904632568,7.849999904632568,7.829999923706055,7.840000152587891,7.840000152587891,1639
2022-08-17 10:20:00-04:00,7.829999923706055,7.829999923706055,7.820000171661377,7.820000171661377,7.820000171661377,1376
2022-08-17 10:25:00-04:00,7.829999923706055,7.829999923706055,7.820000171661377,7.820000171661377,7.820000171661377,810
2022-08-17 10:30:00-04:00,7.800000190734863,7.800000190734863,7.781400203704834,7.789999961853027,7.789999961853027,1428
2022-08-17 10:35:00-04:00,7.760000228881836,7.789999961853027,7.739999771118164,7.789999961853027,7.789999961853027,3834
2022-08-17 10:40:00-04:00,7.78000020980835,7.809999942779541,7.775000095367432,7.809999942779541,7.809999942779541,3566
2022-08-17 10:45:00-04:00,7.820000171661377,7.820000171661377,7.78000020980835,7.784999847412109,7.784999847412109,662
2022-08-17 10:50:00-04:00,7.769999980926514,7.78000020980835,7.75,7.78000020980835,7.78000020980835,4705
2022-08-17 10:55:00-04:00,7.789999961853027,7.789999961853027,7.789999961853027,7.789999961853027,7.789999961853027,106
2022-08-17 11:00:00-04:00,7.78000020980835,7.829999923706055,7.78000020980835,7.821000099182129,7.821000099182129,8890
2022-08-17 11:05:00-04:00,7.809999942779541,7.829999923706055,7.800000190734863,7.800000190734863,7.800000190734863,1698
2022-08-17 11:10:00-04:00,7.809999942779541,7.822500228881836,7.809999942779541,7.822500228881836,7.822500228881836,1670
2022-08-17 11:15:00-04:00,7.809999942779541,7.829999923706055,7.809999942779541,7.820000171661377,7.820000171661377,525
2022-08-17 11:20:00-04:00,7.829999923706055,7.831999778747559,7.829999923706055,7.831999778747559,7.831999778747559,878
2022-08-17 11:25:00-04:00,7.824999809265137,7.824999809265137,7.820000171661377,7.824999809265137,7.824999809265137,758
2022-08-17 11:30:00-04:00,7.820000171661377,7.840000152587891,7.820000171661377,7.840000152587891,7.840000152587891,919
2022-08-17 11:35:00-04:00,7.820000171661377,7.820000171661377,7.820000171661377,7.820000171661377,7.820000171661377,574
2022-08-17 11:40:00-04:00,7.829999923706055,7.829999923706055,7.78000020980835,7.78000020980835,7.78000020980835,1487
2022-08-17 11:45:00-04:00,7.769999980926514,7.784999847412109,7.769999980926514,7.784999847412109,7.784999847412109,810
2022-08-17 11:50:00-04:00,7.789999961853027,7.789999961853027,7.78000020980835,7.784999847412109,7.784999847412109,356
2022-08-17 11:55:00-04:00,7.789999961853027,7.789999961853027,7.780799865722656,7.780799865722656,7.780799865722656,1508
2022-08-17 12:00:00-04:00,7.789999961853027,7.795000076293945,7.789999961853027,7.795000076293945,7.795000076293945,841
2022-08-17 12:05:00-04:00,7.800000190734863,7.820000171661377,7.800000190734863,7.800000190734863,7.800000190734863,3532
2022-08-17 12:10:00-04:00,7.789999961853027,7.800000190734863,7.78000020980835,7.800000190734863,7.800000190734863,2555
2022-08-17 12:15:00-04:00,7.800000190734863,7.820000171661377,7.795000076293945,7.809999942779541,7.809999942779541,2835
2022-08-17 12:20:00-04:00,7.829999923706055,7.849999904632568,7.829999923706055,7.849999904632568,7.849999904632568,1449
2022-08-17 12:25:00-04:00,7.860000133514404,7.860000133514404,7.849999904632568,7.849999904632568,7.849999904632568,467
2022-08-17 12:30:00-04:00,7.829999923706055,7.840000152587891,7.829999923706055,7.840000152587891,7.840000152587891,4111
2022-08-17 12:35:00-04:00,7.84499979019165,7.84499979019165,7.84499979019165,7.84499979019165,7.84499979019165,210
2022-08-17 12:40:00-04:00,7.840000152587891,7.864999771118164,7.840000152587891,7.864999771118164,7.864999771118164,1333
2022-08-17 12:45:00-04:00,7.869999885559082,7.869999885559082,7.861999988555908,7.861999988555908,7.861999988555908,1424
2022-08-17 12:50:00-04:00,7.860000133514404,7.8694000244140625,7.84499979019165,7.8694000244140625,7.8694000244140625,1811
2022-08-17 12:55:00-04:00,7.869999885559082,7.889999866485596,7.869999885559082,7.880000114440918,7.880000114440918,1179
2022-08-17 13:00:00-04:00,7.880000114440918,7.889999866485596,7.880000114440918,7.880000114440918,7.880000114440918,1985
2022-08-17 13:05:00-04:00,7.880000114440918,7.880000114440918,7.860000133514404,7.860000133514404,7.860000133514404,1111
2022-08-17 13:10:00-04:00,7.849999904632568,7.849999904632568,7.849999904632568,7.849999904632568,7.849999904632568,919
2022-08-17 13:15:00-04:00,7.84499979019165,7.84499979019165,7.830999851226807,7.830999851226807,7.830999851226807,3882
2022-08-17 13:20:00-04:00,7.835000038146973,7.835000038146973,7.829999923706055,7.829999923706055,7.829999923706055,510
2022-08-17 13:25:00-04:00,7.840000152587891,7.860000133514404,7.840000152587891,7.855000019073486,7.855000019073486,1493
2022-08-17 13:30:00-04:00,7.855000019073486,7.855000019073486,7.829999923706055,7.840000152587891,7.840000152587891,2486
2022-08-17 13:35:00-04:00,7.84499979019165,7.849999904632568,7.84499979019165,7.84499979019165,7.84499979019165,1009
2022-08-17 13:40:00-04:00,7.860000133514404,7.869999885559082,7.860000133514404,7.869999885559082,7.869999885559082,910
2022-08-17 13:45:00-04:00,7.880000114440918,7.889999866485596,7.869999885559082,7.869999885559082,7.869999885559082,1877
2022-08-17 13:50:00-04:00,7.855000019073486,7.8572998046875,7.84499979019165,7.84499979019165,7.84499979019165,1115
2022-08-17 13:55:00-04:00,7.849999904632568,7.860000133514404,7.849999904632568,7.860000133514404,7.860000133514404,678
2022-08-17 14:00:00-04:00,7.864999771118164,7.909999847412109,7.855000019073486,7.909999847412109,7.909999847412109,2256
2022-08-17 14:05:00-04:00,7.900000095367432,7.909999847412109,7.889999866485596,7.909999847412109,7.909999847412109,1007
2022-08-17 14:10:00-04:00,7.909999847412109,7.929999828338623,7.909999847412109,7.929999828338623,7.929999828338623,1017
2022-08-17 14:15:00-04:00,7.929999828338623,7.929999828338623,7.925000190734863,7.925000190734863,7.925000190734863,1572
2022-08-17 14:20:00-04:00,7.900000095367432,7.900000095367432,7.889999866485596,7.900000095367432,7.900000095367432,830
2022-08-17 14:25:00-04:00,7.900000095367432,7.909999847412109,7.900000095367432,7.909999847412109,7.909999847412109,528
2022-08-17 14:30:00-04:00,7.909999847412109,7.929999828338623,7.909999847412109,7.929999828338623,7.929999828338623,934
2022-08-17 14:35:00-04:00,7.910999774932861,7.920000076293945,7.910999774932861,7.920000076293945,7.920000076293945,2134
2022-08-17 14:40:00-04:00,7.909999847412109,7.909999847412109,7.900000095367432,7.900000095367432,7.900000095367432,1102
2022-08-17 14:45:00-04:00,7.894999980926514,7.900000095367432,7.894999980926514,7.900000095367432,7.900000095367432,822
2022-08-17 14:50:00-04:00,7.900000095367432,7.900000095367432,7.880000114440918,7.880000114440918,7.880000114440918,1033
2022-08-17 14:55:00-04:00,7.880000114440918,7.880000114440918,7.875,7.880000114440918,7.880000114440918,1873
2022-08-17 15:00:00-04:00,7.900000095367432,7.909999847412109,7.889999866485596,7.889999866485596,7.889999866485596,2108
2022-08-17 15:05:00-04:00,7.8979997634887695,7.900000095367432,7.880000114440918,7.889999866485596,7.889999866485596,1777
2022-08-17 15:10:00-04:00,7.880000114440918,7.880000114440918,7.860000133514404,7.869999885559082,7.869999885559082,3126
2022-08-17 15:15:00-04:00,7.880000114440918,7.900000095367432,7.880000114440918,7.889999866485596,7.889999866485596,1541
2022-08-17 15:20:00-04:00,7.889999866485596,7.908999919891357,7.885000228881836,7.9079999923706055,7.9079999923706055,1047
2022-08-17 15:25:00-04:00,7.909999847412109,7.909999847412109,7.880000114440918,7.889999866485596,7.889999866485596,2808
2022-08-17 15:30:00-04:00,7.889999866485596,7.909999847412109,7.889999866485596,7.909999847412109,7.909999847412109,2450
2022-08-17 15:35:00-04:00,7.909999847412109,7.909999847412109,7.889999866485596,7.889999866485596,7.889999866485596,4118
2022-08-17 15:40:00-04:00,7.889999866485596,7.889999866485596,7.860000133514404,7.869999885559082,7.869999885559082,5975
2022-08-17 15:45:00-04:00,7.860000133514404,7.860000133514404,7.820000171661377,7.820000171661377,7.820000171661377,3409
2022-08-17 15:50:00-04:00,7.820000171661377,7.840000152587891,7.820000171661377,7.829999923706055,7.829999923706055,4796
2022-08-17 15:55:00-04:00,7.835000038146973,7.840000152587891,7.809999942779541,7.820000171661377,7.820000171661377,17884
2022-08-18 09:30:00-04:00,7.789999961853027,7.789999961853027,7.71999979019165,7.75,7.75,4025
2022-08-18 09:35:00-04:00,7.739999771118164,7.800000190734863,7.699999809265137,7.789999961853027,7.789999961853027,4851
2022-08-18 09:40:00-04:00,7.789999961853027,7.789999961853027,7.789999961853027,7.789999961853027,7.789999961853027,340
2022-08-18 09:45:00-04:00,7.789999961853027,7.789999961853027,7.75,7.75,7.75,1779
2022-08-18 09:50:00-04:00,7.787600040435791,7.800000190734863,7.78000020980835,7.78000020980835,7.78000020980835,2233
2022-08-18 09:55:00-04:00,7.775000095367432,7.800000190734863,7.75,7.75,7.75,598
2022-08-18 10:00:00-04:00,7.769999980926514,7.769999980926514,7.762499809265137,7.762499809265137,7.762499809265137,675
2022-08-18 10:05:00-04:00,7.760000228881836,7.760000228881836,7.739999771118164,7.739999771118164,7.739999771118164,1341
2022-08-18 10:10:00-04:00,7.75,7.760000228881836,7.75,7.760000228881836,7.760000228881836,1813
2022-08-18 10:15:00-04:00,7.775000095367432,7.78000020980835,7.769999980926514,7.769999980926514,7.769999980926514,1299
2022-08-18 10:20:00-04:00,7.78000020980835,7.809999942779541,7.78000020980835,7.78000020980835,7.78000020980835,4220
2022-08-18 10:25:00-04:00,7.789999961853027,7.789999961853027,7.78000020980835,7.78000020980835,7.78000020980835,932
2022-08-18 10:30:00-04:00,7.769999980926514,7.769999980926514,7.75,7.760000228881836,7.760000228881836,1273
2022-08-18 10:35:00-04:00,7.760000228881836,7.78000020980835,7.760000228881836,7.78000020980835,7.78000020980835,2115
2022-08-18 10:40:00-04:00,7.784999847412109,7.800000190734863,7.784999847412109,7.800000190734863,7.800000190734863,2142
2022-08-18 10:45:00-04:00,7.820000171661377,7.820000171661377,7.820000171661377,7.820000171661377,7.820000171661377,300
2022-08-18 10:50:00-04:00,7.809999942779541,7.809999942779541,7.769999980926514,7.769999980926514,7.769999980926514,5627
2022-08-18 10:55:00-04:00,7.769999980926514,7.769999980926514,7.769999980926514,7.769999980926514,7.769999980926514,1757
2022-08-18 11:00:00-04:00,7.760000228881836,7.760000228881836,7.739999771118164,7.739999771118164,7.739999771118164,1402
2022-08-18 11:05:00-04:00,7.739999771118164,7.739999771118164,7.739999771118164,7.739999771118164,7.739999771118164,1248
2022-08-18 11:10:00-04:00,7.724999904632568,7.724999904632568,7.71999979019165,7.71999979019165,7.71999979019165,796
2022-08-18 11:15:00-04:00,7.71999979019165,7.71999979019165,7.679999828338623,7.690000057220459,7.690000057220459,2057
2022-08-18 11:20:00-04:00,7.690000057220459,7.695000171661377,7.690000057220459,7.690000057220459,7.690000057220459,1405
2022-08-18 11:25:00-04:00,7.679999828338623,7.690000057220459,7.679999828338623,7.690000057220459,7.690000057220459,869
2022-08-18 11:30:00-04:00,7.695000171661377,7.710000038146973,7.695000171661377,7.710000038146973,7.710000038146973,859
2022-08-18 11:35:00-04:00,7.69920015335083,7.699999809265137,7.69920015335083,7.699999809265137,7.699999809265137,2183
2022-08-18 11:40:00-04:00,7.695000171661377,7.710000038146973,7.684999942779541,7.684999942779541,7.684999942779541,2702
2022-08-18 11:45:00-04:00,7.684999942779541,7.690000057220459,7.679999828338623,7.679999828338623,7.679999828338623,1711
2022-08-18 11:55:00-04:00,7.652500152587891,7.652500152587891,7.652500152587891,7.652500152587891,7.652500152587891,309
2022-08-18 12:00:00-04:00,7.659900188446045,7.688000202178955,7.659900188446045,7.688000202178955,7.688000202178955,6247
2022-08-18 12:05:00-04:00,7.690000057220459,7.690000057220459,7.690000057220459,7.690000057220459,7.690000057220459,417
2022-08-18 12:10:00-04:00,7.713500022888184,7.713500022888184,7.695000171661377,7.695000171661377,7.695000171661377,1972
2022-08-18 12:15:00-04:00,7.699999809265137,7.704999923706055,7.699999809265137,7.704999923706055,7.704999923706055,1139
2022-08-18 12:20:00-04:00,7.690000057220459,7.690000057220459,7.675000190734863,7.679999828338623,7.679999828338623,1785
2022-08-18 12:25:00-04:00,7.670000076293945,7.670000076293945,7.670000076293945,7.670000076293945,7.670000076293945,1529
2022-08-18 12:30:00-04:00,7.690000057220459,7.695000171661377,7.690000057220459,7.695000171661377,7.695000171661377,3203
2022-08-18 12:35:00-04:00,7.699999809265137,7.699999809265137,7.570000171661377,7.619999885559082,7.619999885559082,60591
2022-08-18 12:40:00-04:00,7.630000114440918,7.659999847412109,7.599999904632568,7.659999847412109,7.659999847412109,9383
2022-08-18 12:45:00-04:00,7.659999847412109,7.679999828338623,7.659999847412109,7.670000076293945,7.670000076293945,3173
2022-08-18 12:50:00-04:00,7.664999961853027,7.664999961853027,7.65500020980835,7.65500020980835,7.65500020980835,4558
2022-08-18 12:55:00-04:00,7.65500020980835,7.664999961853027,7.65500020980835,7.65500020980835,7.65500020980835,1469
2022-08-18 13:00:00-04:00,7.650000095367432,7.664999961853027,7.644999980926514,7.659999847412109,7.659999847412109,3180
2022-08-18 13:05:00-04:00,7.664999961853027,7.679999828338623,7.664999961853027,7.679999828338623,7.679999828338623,1122
2022-08-18 13:10:00-04:00,7.684999942779541,7.690000057220459,7.684999942779541,7.684999942779541,7.684999942779541,3002
2022-08-18 13:15:00-04:00,7.690000057220459,7.699999809265137,7.690000057220459,7.699999809265137,7.699999809265137,1400
2022-08-18 13:20:00-04:00,7.695000171661377,7.695000171661377,7.670000076293945,7.670000076293945,7.670000076293945,7753
2022-08-18 13:25:00-04:00,7.670000076293945,7.670000076293945,7.662300109863281,7.662300109863281,7.662300109863281,595
2022-08-18 13:30:00-04:00,7.659999847412109,7.659999847412109,7.650000095367432,7.650000095367432,7.650000095367432,1756
2022-08-18 13:35:00-04:00,7.65500020980835,7.65500020980835,7.65500020980835,7.65500020980835,7.65500020980835,917
2022-08-18 13:40:00-04:00,7.659999847412109,7.690000057220459,7.659999847412109,7.690000057220459,7.690000057220459,2201
2022-08-18 13:45:00-04:00,7.679999828338623,7.679999828338623,7.679999828338623,7.679999828338623,7.679999828338623,590
2022-08-18 13:50:00-04:00,7.684999942779541,7.699999809265137,7.684999942779541,7.699999809265137,7.699999809265137,2533
2022-08-18 14:00:00-04:00,7.699999809265137,7.699999809265137,7.684999942779541,7.684999942779541,7.684999942779541,2878
2022-08-18 14:05:00-04:00,7.679999828338623,7.690000057220459,7.679999828338623,7.684999942779541,7.684999942779541,2095
2022-08-18 14:10:00-04:00,7.690000057220459,7.699999809265137,7.690000057220459,7.692999839782715,7.692999839782715,3264
2022-08-18 14:15:00-04:00,7.695000171661377,7.695000171661377,7.690000057220459,7.690000057220459,7.690000057220459,567
2022-08-18 14:20:00-04:00,7.690000057220459,7.695000171661377,7.690000057220459,7.695000171661377,7.695000171661377,435
2022-08-18 14:25:00-04:00,7.695000171661377,7.710000038146973,7.695000171661377,7.704999923706055,7.704999923706055,2008
2022-08-18 14:30:00-04:00,7.704999923706055,7.704999923706055,7.690000057220459,7.690000057220459,7.690000057220459,2673
2022-08-18 14:35:00-04:00,7.679999828338623,7.679999828338623,7.670000076293945,7.675000190734863,7.675000190734863,896
2022-08-18 14:40:00-04:00,7.675000190734863,7.690000057220459,7.675000190734863,7.684999942779541,7.684999942779541,2713
2022-08-18 14:45:00-04:00,7.684999942779541,7.684999942779541,7.684999942779541,7.684999942779541,7.684999942779541,390
2022-08-18 14:50:00-04:00,7.684999942779541,7.699999809265137,7.679999828338623,7.699999809265137,7.699999809265137,1935
2022-08-18 14:55:00-04:00,7.71999979019165,7.724999904632568,7.71999979019165,7.724999904632568,7.724999904632568,2233
2022-08-18 15:00:00-04:00,7.730000019073486,7.730000019073486,7.730000019073486,7.730000019073486,7.730000019073486,123
2022-08-18 15:05:00-04:00,7.730000019073486,7.730000019073486,7.710000038146973,7.710000038146973,7.710000038146973,5000
2022-08-18 15:10:00-04:00,7.710000038146973,7.71999979019165,7.690000057220459,7.699999809265137,7.699999809265137,9475
2022-08-18 15:15:00-04:00,7.699999809265137,7.730000019073486,7.690000057220459,7.730000019073486,7.730000019073486,4191
2022-08-18 15:20:00-04:00,7.71999979019165,7.730000019073486,7.715000152587891,7.730000019073486,7.730000019073486,3056
2022-08-18 15:25:00-04:00,7.739999771118164,7.749800205230713,7.739999771118164,7.749800205230713,7.749800205230713,1123
2022-08-18 15:30:00-04:00,7.739999771118164,7.739999771118164,7.730000019073486,7.735000133514404,7.735000133514404,3112
2022-08-18 15:35:00-04:00,7.730199813842773,7.735000133514404,7.730000019073486,7.730000019073486,7.730000019073486,2502
2022-08-18 15:40:00-04:00,7.735000133514404,7.735000133514404,7.71999979019165,7.71999979019165,7.71999979019165,4759
2022-08-18 15:45:00-04:00,7.71999979019165,7.730000019073486,7.71999979019165,7.724999904632568,7.724999904632568,3577
2022-08-18 15:50:00-04:00,7.730000019073486,7.730000019073486,7.71999979019165,7.724999904632568,7.724999904632568,9155
2022-08-18 15:55:00-04:00,7.71999979019165,7.75,7.71999979019165,7.730000019073486,7.730000019073486,29000
2022-08-19 09:30:00-04:00,7.699999809265137,7.699999809265137,7.619999885559082,7.619999885559082,7.619999885559082,17224
2022-08-19 09:35:00-04:00,7.670000076293945,7.670000076293945,7.630000114440918,7.630000114440918,7.630000114440918,2110
2022-08-19 09:40:00-04:00,7.650000095367432,7.659999847412109,7.619999885559082,7.630000114440918,7.630000114440918,2342
2022-08-19 09:45:00-04:00,7.579999923706055,7.630000114440918,7.579999923706055,7.619999885559082,7.619999885559082,3528
2022-08-19 09:50:00-04:00,7.605000019073486,7.610000133514404,7.590000152587891,7.599999904632568,7.599999904632568,3194
2022-08-19 09:55:00-04:00,7.579999923706055,7.614999771118164,7.570000171661377,7.614999771118164,7.614999771118164,1625
2022-08-19 10:00:00-04:00,7.610000133514404,7.630000114440918,7.610000133514404,7.630000114440918,7.630000114440918,2763
2022-08-19 10:05:00-04:00,7.610099792480469,7.610099792480469,7.610099792480469,7.610099792480469,7.610099792480469,102
2022-08-19 10:10:00-04:00,7.605000019073486,7.639999866485596,7.605000019073486,7.625,7.625,5346
2022-08-19 10:15:00-04:00,7.630000114440918,7.650000095367432,7.630000114440918,7.650000095367432,7.650000095367432,1354
2022-08-19 10:20:00-04:00,7.659999847412109,7.690000057220459,7.659999847412109,7.670000076293945,7.670000076293945,1764
2022-08-19 10:25:00-04:00,7.650000095367432,7.650000095367432,7.650000095367432,7.650000095367432,7.650000095367432,2758
2022-08-19 10:30:00-04:00,7.670000076293945,7.670000076293945,7.650000095367432,7.650000095367432,7.650000095367432,683
2022-08-19 10:35:00-04:00,7.650000095367432,7.650000095367432,7.639999866485596,7.639999866485596,7.639999866485596,1088
2022-08-19 10:40:00-04:00,7.639999866485596,7.650000095367432,7.639999866485596,7.650000095367432,7.650000095367432,868
2022-08-19 10:45:00-04:00,7.650000095367432,7.650000095367432,7.619999885559082,7.619999885559082,7.619999885559082,880
2022-08-19 10:50:00-04:00,7.644999980926514,7.644999980926514,7.639999866485596,7.639999866485596,7.639999866485596,3762
2022-08-19 10:55:00-04:00,7.610000133514404,7.610000133514404,7.599999904632568,7.599999904632568,7.599999904632568,336
2022-08-19 11:00:00-04:00,7.599999904632568,7.599999904632568,7.599999904632568,7.599999904632568,7.599999904632568,654
2022-08-19 11:05:00-04:00,7.599999904632568,7.605000019073486,7.579999923706055,7.579999923706055,7.579999923706055,1538
2022-08-19 11:10:00-04:00,7.559999942779541,7.570000171661377,7.559999942779541,7.570000171661377,7.570000171661377,921
2022-08-19 11:25:00-04:00,7.565000057220459,7.570000171661377,7.559999942779541,7.565000057220459,7.565000057220459,836
2022-08-19 11:30:00-04:00,7.574999809265137,7.579999923706055,7.574999809265137,7.579999923706055,7.579999923706055,423
2022-08-19 11:35:00-04:00,7.579999923706055,7.579999923706055,7.559999942779541,7.559999942779541,7.559999942779541,4100
2022-08-19 11:40:00-04:00,7.550000190734863,7.559999942779541,7.550000190734863,7.559999942779541,7.559999942779541,434
2022-08-19 11:45:00-04:00,7.559999942779541,7.59499979019165,7.559999942779541,7.59499979019165,7.59499979019165,4363
2022-08-19 11:50:00-04:00,7.590000152587891,7.630000114440918,7.590000152587891,7.630000114440918,7.630000114440918,2283
2022-08-19 11:55:00-04:00,7.630000114440918,7.650000095367432,7.619999885559082,7.619999885559082,7.619999885559082,4344
2022-08-19 12:00:00-04:00,7.592700004577637,7.592700004577637,7.592700004577637,7.592700004577637,7.592700004577637,502
2022-08-19 12:05:00-04:00,7.59499979019165,7.599999904632568,7.579999923706055,7.579999923706055,7.579999923706055,1283
2022-08-19 12:10:00-04:00,7.570000171661377,7.574999809265137,7.53000020980835,7.53000020980835,7.53000020980835,2883
2022-08-19 12:15:00-04:00,7.534999847412109,7.534999847412109,7.534999847412109,7.534999847412109,7.534999847412109,222
2022-08-19 12:20:00-04:00,7.534999847412109,7.545000076293945,7.534999847412109,7.539999961853027,7.539999961853027,1151
2022-08-19 12:25:00-04:00,7.539999961853027,7.559999942779541,7.519999980926514,7.53000020980835,7.53000020980835,3900
2022-08-19 12:30:00-04:00,7.525000095367432,7.525000095367432,7.519999980926514,7.519999980926514,7.519999980926514,671
2022-08-19 12:35:00-04:00,7.520899772644043,7.534999847412109,7.520899772644043,7.534999847412109,7.534999847412109,1352
2022-08-19 12:40:00-04:00,7.539999961853027,7.539999961853027,7.510000228881836,7.53000020980835,7.53000020980835,2582
2022-08-19 12:50:00-04:00,7.519999980926514,7.519999980926514,7.519999980926514,7.519999980926514,7.519999980926514,100
2022-08-19 12:55:00-04:00,7.519999980926514,7.525000095367432,7.519999980926514,7.519999980926514,7.519999980926514,1245
2022-08-19 13:00:00-04:00,7.53000020980835,7.539999961853027,7.525000095367432,7.539999961853027,7.539999961853027,626
2022-08-19 13:05:00-04:00,7.534999847412109,7.534999847412109,7.46999979019165,7.489999771118164,7.489999771118164,6473
2022-08-19 13:10:00-04:00,7.505000114440918,7.505000114440918,7.480000019073486,7.480000019073486,7.480000019073486,2384
2022-08-19 13:15:00-04:00,7.485000133514404,7.489999771118164,7.485000133514404,7.489999771118164,7.489999771118164,665
2022-08-19 13:20:00-04:00,7.485000133514404,7.489999771118164,7.480000019073486,7.480000019073486,7.480000019073486,1278
2022-08-19 13:25:00-04:00,7.46999979019165,7.480000019073486,7.460000038146973,7.480000019073486,7.480000019073486,1372
2022-08-19 13:30:00-04:00,7.46999979019165,7.474999904632568,7.465000152587891,7.474999904632568,7.474999904632568,1500
2022-08-19 13:35:00-04:00,7.46999979019165,7.46999979019165,7.46999979019165,7.46999979019165,7.46999979019165,398
2022-08-19 13:40:00-04:00,7.465000152587891,7.465000152587891,7.465000152587891,7.465000152587891,7.465000152587891,545
2022-08-19 13:45:00-04:00,7.465000152587891,7.465000152587891,7.460000038146973,7.465000152587891,7.465000152587891,959
2022-08-19 13:50:00-04:00,7.46999979019165,7.46999979019165,7.460000038146973,7.460000038146973,7.460000038146973,1023
2022-08-19 13:55:00-04:00,7.46999979019165,7.46999979019165,7.46999979019165,7.46999979019165,7.46999979019165,950
2022-08-19 14:00:00-04:00,7.46999979019165,7.46999979019165,7.445000171661377,7.460000038146973,7.460000038146973,2026
2022-08-19 14:05:00-04:00,7.454999923706055,7.458000183105469,7.449999809265137,7.454999923706055,7.454999923706055,656
2022-08-19 14:10:00-04:00,7.449999809265137,7.449999809265137,7.429999828338623,7.449999809265137,7.449999809265137,5493
2022-08-19 14:15:00-04:00,7.454999923706055,7.460000038146973,7.445000171661377,7.460000038146973,7.460000038146973,2025
2022-08-19 14:20:00-04:00,7.454999923706055,7.454999923706055,7.454999923706055,7.454999923706055,7.454999923706055,823
2022-08-19 14:25:00-04:00,7.454999923706055,7.460000038146973,7.454999923706055,7.454999923706055,7.454999923706055,1003
2022-08-19 14:30:00-04:00,7.454999923706055,7.460000038146973,7.454999923706055,7.460000038146973,7.460000038146973,301
2022-08-19 14:35:00-04:00,7.454999923706055,7.454999923706055,7.449999809265137,7.449999809265137,7.449999809265137,324
2022-08-19 14:40:00-04:00,7.449999809265137,7.460000038146973,7.445000171661377,7.460000038146973,7.460000038146973,5618
2022-08-19 14:45:00-04:00,7.460000038146973,7.46999979019165,7.449999809265137,7.46999979019165,7.46999979019165,1501
2022-08-19 14:50:00-04:00,7.465000152587891,7.465000152587891,7.440000057220459,7.440000057220459,7.440000057220459,1140
2022-08-19 14:55:00-04:00,7.434999942779541,7.434999942779541,7.429999828338623,7.429999828338623,7.429999828338623,1103
2022-08-19 15:00:00-04:00,7.429999828338623,7.434999942779541,7.409999847412109,7.409999847412109,7.409999847412109,1930
2022-08-19 15:05:00-04:00,7.411099910736084,7.411099910736084,7.400000095367432,7.400000095367432,7.400000095367432,1790
2022-08-19 15:10:00-04:00,7.400000095367432,7.400000095367432,7.369999885559082,7.389999866485596,7.389999866485596,9223
2022-08-19 15:15:00-04:00,7.409999847412109,7.409999847412109,7.400000095367432,7.400000095367432,7.400000095367432,460
2022-08-19 15:20:00-04:00,7.409999847412109,7.420000076293945,7.409999847412109,7.420000076293945,7.420000076293945,1808
2022-08-19 15:25:00-04:00,7.429999828338623,7.440000057220459,7.429999828338623,7.429999828338623,7.429999828338623,1678
2022-08-19 15:30:00-04:00,7.434999942779541,7.449999809265137,7.434999942779541,7.449999809265137,7.449999809265137,2216
2022-08-19 15:35:00-04:00,7.445000171661377,7.449999809265137,7.445000171661377,7.445000171661377,7.445000171661377,2356
2022-08-19 15:40:00-04:00,7.445000171661377,7.449999809265137,7.429999828338623,7.449999809265137,7.449999809265137,3910
2022-08-19 15:45:00-04:00,7.449999809265137,7.460000038146973,7.434999942779541,7.440000057220459,7.440000057220459,5011
2022-08-19 15:50:00-04:00,7.429999828338623,7.440000057220459,7.425000190734863,7.440000057220459,7.440000057220459,11759
2022-08-19 15:55:00-04:00,7.438899993896484,7.445000171661377,7.409999847412109,7.420000076293945,7.420000076293945,15428
2022-08-19 16:00:00-04:00,7.420000076293945,7.420000076293945,7.420000076293945,7.420000076293945,7.420000076293945,0
